<?xml version="1.0" encoding="UTF-8"?>
<!DOCTYPE mapper PUBLIC "-//mybatis.org//DTD Mapper 3.0//EN" "http://mybatis.org/dtd/mybatis-3-mapper.dtd">
<mapper namespace="com.jsh.erp.datasource.mappers.AccountHeadMapper">
  <resultMap id="BaseResultMap" type="com.jsh.erp.datasource.entities.AccountHead">
    <!--
      WARNING - @mbggenerated
      This element is automatically generated by MyBatis Generator, do not modify.
    -->
    <id column="Id" jdbcType="BIGINT" property="id" />
    <result column="Type" jdbcType="VARCHAR" property="type" />
    <result column="OrganId" jdbcType="BIGINT" property="organid" />
    <result column="HandsPersonId" jdbcType="BIGINT" property="handspersonid" />
    <result column="ChangeAmount" jdbcType="DECIMAL" property="changeamount" />
    <result column="TotalPrice" jdbcType="DECIMAL" property="totalprice" />
    <result column="AccountId" jdbcType="BIGINT" property="accountid" />
    <result column="BillNo" jdbcType="VARCHAR" property="billno" />
    <result column="BillTime" jdbcType="TIMESTAMP" property="billtime" />
    <result column="Remark" jdbcType="VARCHAR" property="remark" />
    <result column="tenant_id" jdbcType="BIGINT" property="tenantId" />
    <result column="delete_Flag" jdbcType="VARCHAR" property="deleteFlag" />
  </resultMap>
  <sql id="Example_Where_Clause">
    <!--
      WARNING - @mbggenerated
      This element is automatically generated by MyBatis Generator, do not modify.
    -->
    <where>
      <foreach collection="oredCriteria" item="criteria" separator="or">
        <if test="criteria.valid">
          <trim prefix="(" prefixOverrides="and" suffix=")">
            <foreach collection="criteria.criteria" item="criterion">
              <choose>
                <when test="criterion.noValue">
                  and ${criterion.condition}
                </when>
                <when test="criterion.singleValue">
                  and ${criterion.condition} #{criterion.value}
                </when>
                <when test="criterion.betweenValue">
                  and ${criterion.condition} #{criterion.value} and #{criterion.secondValue}
                </when>
                <when test="criterion.listValue">
                  and ${criterion.condition}
                  <foreach close=")" collection="criterion.value" item="listItem" open="(" separator=",">
                    #{listItem}
                  </foreach>
                </when>
              </choose>
            </foreach>
          </trim>
        </if>
      </foreach>
    </where>
  </sql>
  <sql id="Update_By_Example_Where_Clause">
    <!--
      WARNING - @mbggenerated
      This element is automatically generated by MyBatis Generator, do not modify.
    -->
    <where>
      <foreach collection="example.oredCriteria" item="criteria" separator="or">
        <if test="criteria.valid">
          <trim prefix="(" prefixOverrides="and" suffix=")">
            <foreach collection="criteria.criteria" item="criterion">
              <choose>
                <when test="criterion.noValue">
                  and ${criterion.condition}
                </when>
                <when test="criterion.singleValue">
                  and ${criterion.condition} #{criterion.value}
                </when>
                <when test="criterion.betweenValue">
                  and ${criterion.condition} #{criterion.value} and #{criterion.secondValue}
                </when>
                <when test="criterion.listValue">
                  and ${criterion.condition}
                  <foreach close=")" collection="criterion.value" item="listItem" open="(" separator=",">
                    #{listItem}
                  </foreach>
                </when>
              </choose>
            </foreach>
          </trim>
        </if>
      </foreach>
    </where>
  </sql>
  <sql id="Base_Column_List">
    <!--
      WARNING - @mbggenerated
      This element is automatically generated by MyBatis Generator, do not modify.
    -->
    Id, Type, OrganId, HandsPersonId, ChangeAmount, TotalPrice, AccountId, BillNo, BillTime, 
    Remark, tenant_id, delete_Flag
  </sql>
  <select id="selectByExample" parameterType="com.jsh.erp.datasource.entities.AccountHeadExample" resultMap="BaseResultMap">
    <!--
      WARNING - @mbggenerated
      This element is automatically generated by MyBatis Generator, do not modify.
    -->
    select
    <if test="distinct">
      distinct
    </if>
    <include refid="Base_Column_List" />
    from jsh_accounthead
    <if test="_parameter != null">
      <include refid="Example_Where_Clause" />
    </if>
    <if test="orderByClause != null">
      order by ${orderByClause}
    </if>
  </select>
  <select id="selectByPrimaryKey" parameterType="java.lang.Long" resultMap="BaseResultMap">
    <!--
      WARNING - @mbggenerated
      This element is automatically generated by MyBatis Generator, do not modify.
    -->
    select 
    <include refid="Base_Column_List" />
    from jsh_accounthead
    where Id = #{id,jdbcType=BIGINT}
  </select>
  <delete id="deleteByPrimaryKey" parameterType="java.lang.Long">
    <!--
      WARNING - @mbggenerated
      This element is automatically generated by MyBatis Generator, do not modify.
    -->
    delete from jsh_accounthead
    where Id = #{id,jdbcType=BIGINT}
  </delete>
  <delete id="deleteByExample" parameterType="com.jsh.erp.datasource.entities.AccountHeadExample">
    <!--
      WARNING - @mbggenerated
      This element is automatically generated by MyBatis Generator, do not modify.
    -->
    delete from jsh_accounthead
    <if test="_parameter != null">
      <include refid="Example_Where_Clause" />
    </if>
  </delete>
  <insert id="insert" parameterType="com.jsh.erp.datasource.entities.AccountHead">
    <!--
      WARNING - @mbggenerated
      This element is automatically generated by MyBatis Generator, do not modify.
    -->
    insert into jsh_accounthead (Id, Type, OrganId, 
      HandsPersonId, ChangeAmount, TotalPrice, 
      AccountId, BillNo, BillTime, 
      Remark, tenant_id, delete_Flag
      )
    values (#{id,jdbcType=BIGINT}, #{type,jdbcType=VARCHAR}, #{organid,jdbcType=BIGINT}, 
      #{handspersonid,jdbcType=BIGINT}, #{changeamount,jdbcType=DECIMAL}, #{totalprice,jdbcType=DECIMAL}, 
      #{accountid,jdbcType=BIGINT}, #{billno,jdbcType=VARCHAR}, #{billtime,jdbcType=TIMESTAMP}, 
      #{remark,jdbcType=VARCHAR}, #{tenantId,jdbcType=BIGINT}, #{deleteFlag,jdbcType=VARCHAR}
      )
  </insert>
  <insert id="insertSelective" parameterType="com.jsh.erp.datasource.entities.AccountHead">
    <!--
      WARNING - @mbggenerated
      This element is automatically generated by MyBatis Generator, do not modify.
    -->
    insert into jsh_accounthead
    <trim prefix="(" suffix=")" suffixOverrides=",">
      <if test="id != null">
        Id,
      </if>
      <if test="type != null">
        Type,
      </if>
      <if test="organid != null">
        OrganId,
      </if>
      <if test="handspersonid != null">
        HandsPersonId,
      </if>
      <if test="changeamount != null">
        ChangeAmount,
      </if>
      <if test="totalprice != null">
        TotalPrice,
      </if>
      <if test="accountid != null">
        AccountId,
      </if>
      <if test="billno != null">
        BillNo,
      </if>
      <if test="billtime != null">
        BillTime,
      </if>
      <if test="remark != null">
        Remark,
      </if>
      <if test="tenantId != null">
        tenant_id,
      </if>
      <if test="deleteFlag != null">
        delete_Flag,
      </if>
    </trim>
    <trim prefix="values (" suffix=")" suffixOverrides=",">
      <if test="id != null">
        #{id,jdbcType=BIGINT},
      </if>
      <if test="type != null">
        #{type,jdbcType=VARCHAR},
      </if>
      <if test="organid != null">
        #{organid,jdbcType=BIGINT},
      </if>
      <if test="handspersonid != null">
        #{handspersonid,jdbcType=BIGINT},
      </if>
      <if test="changeamount != null">
        #{changeamount,jdbcType=DECIMAL},
      </if>
      <if test="totalprice != null">
        #{totalprice,jdbcType=DECIMAL},
      </if>
      <if test="accountid != null">
        #{accountid,jdbcType=BIGINT},
      </if>
      <if test="billno != null">
        #{billno,jdbcType=VARCHAR},
      </if>
      <if test="billtime != null">
        #{billtime,jdbcType=TIMESTAMP},
      </if>
      <if test="remark != null">
        #{remark,jdbcType=VARCHAR},
      </if>
      <if test="tenantId != null">
        #{tenantId,jdbcType=BIGINT},
      </if>
      <if test="deleteFlag != null">
        #{deleteFlag,jdbcType=VARCHAR},
      </if>
    </trim>
  </insert>
  <select id="countByExample" parameterType="com.jsh.erp.datasource.entities.AccountHeadExample" resultType="java.lang.Integer">
    <!--
      WARNING - @mbggenerated
      This element is automatically generated by MyBatis Generator, do not modify.
    -->
    select count(*) from jsh_accounthead
    <if test="_parameter != null">
      <include refid="Example_Where_Clause" />
    </if>
  </select>
  <update id="updateByExampleSelective" parameterType="map">
    <!--
      WARNING - @mbggenerated
      This element is automatically generated by MyBatis Generator, do not modify.
    -->
    update jsh_accounthead
    <set>
      <if test="record.id != null">
        Id = #{record.id,jdbcType=BIGINT},
      </if>
      <if test="record.type != null">
        Type = #{record.type,jdbcType=VARCHAR},
      </if>
      <if test="record.organid != null">
        OrganId = #{record.organid,jdbcType=BIGINT},
      </if>
      <if test="record.handspersonid != null">
        HandsPersonId = #{record.handspersonid,jdbcType=BIGINT},
      </if>
      <if test="record.changeamount != null">
        ChangeAmount = #{record.changeamount,jdbcType=DECIMAL},
      </if>
      <if test="record.totalprice != null">
        TotalPrice = #{record.totalprice,jdbcType=DECIMAL},
      </if>
      <if test="record.accountid != null">
        AccountId = #{record.accountid,jdbcType=BIGINT},
      </if>
      <if test="record.billno != null">
        BillNo = #{record.billno,jdbcType=VARCHAR},
      </if>
      <if test="record.billtime != null">
        BillTime = #{record.billtime,jdbcType=TIMESTAMP},
      </if>
      <if test="record.remark != null">
        Remark = #{record.remark,jdbcType=VARCHAR},
      </if>
      <if test="record.tenantId != null">
        tenant_id = #{record.tenantId,jdbcType=BIGINT},
      </if>
      <if test="record.deleteFlag != null">
        delete_Flag = #{record.deleteFlag,jdbcType=VARCHAR},
      </if>
    </set>
    <if test="_parameter != null">
      <include refid="Update_By_Example_Where_Clause" />
    </if>
  </update>
  <update id="updateByExample" parameterType="map">
    <!--
      WARNING - @mbggenerated
      This element is automatically generated by MyBatis Generator, do not modify.
    -->
    update jsh_accounthead
    set Id = #{record.id,jdbcType=BIGINT},
      Type = #{record.type,jdbcType=VARCHAR},
      OrganId = #{record.organid,jdbcType=BIGINT},
      HandsPersonId = #{record.handspersonid,jdbcType=BIGINT},
      ChangeAmount = #{record.changeamount,jdbcType=DECIMAL},
      TotalPrice = #{record.totalprice,jdbcType=DECIMAL},
      AccountId = #{record.accountid,jdbcType=BIGINT},
      BillNo = #{record.billno,jdbcType=VARCHAR},
      BillTime = #{record.billtime,jdbcType=TIMESTAMP},
      Remark = #{record.remark,jdbcType=VARCHAR},
      tenant_id = #{record.tenantId,jdbcType=BIGINT},
      delete_Flag = #{record.deleteFlag,jdbcType=VARCHAR}
    <if test="_parameter != null">
      <include refid="Update_By_Example_Where_Clause" />
    </if>
  </update>
  <update id="updateByPrimaryKeySelective" parameterType="com.jsh.erp.datasource.entities.AccountHead">
    <!--
      WARNING - @mbggenerated
      This element is automatically generated by MyBatis Generator, do not modify.
    -->
    update jsh_accounthead
    <set>
      <if test="type != null">
        Type = #{type,jdbcType=VARCHAR},
      </if>
      <if test="organid != null">
        OrganId = #{organid,jdbcType=BIGINT},
      </if>
      <if test="handspersonid != null">
        HandsPersonId = #{handspersonid,jdbcType=BIGINT},
      </if>
      <if test="changeamount != null">
        ChangeAmount = #{changeamount,jdbcType=DECIMAL},
      </if>
      <if test="totalprice != null">
        TotalPrice = #{totalprice,jdbcType=DECIMAL},
      </if>
      <if test="accountid != null">
        AccountId = #{accountid,jdbcType=BIGINT},
      </if>
      <if test="billno != null">
        BillNo = #{billno,jdbcType=VARCHAR},
      </if>
      <if test="billtime != null">
        BillTime = #{billtime,jdbcType=TIMESTAMP},
      </if>
      <if test="remark != null">
        Remark = #{remark,jdbcType=VARCHAR},
      </if>
      <if test="tenantId != null">
        tenant_id = #{tenantId,jdbcType=BIGINT},
      </if>
      <if test="deleteFlag != null">
        delete_Flag = #{deleteFlag,jdbcType=VARCHAR},
      </if>
    </set>
    where Id = #{id,jdbcType=BIGINT}
  </update>
  <update id="updateByPrimaryKey" parameterType="com.jsh.erp.datasource.entities.AccountHead">
    <!--
      WARNING - @mbggenerated
      This element is automatically generated by MyBatis Generator, do not modify.
    -->
    update jsh_accounthead
    set Type = #{type,jdbcType=VARCHAR},
      OrganId = #{organid,jdbcType=BIGINT},
      HandsPersonId = #{handspersonid,jdbcType=BIGINT},
      ChangeAmount = #{changeamount,jdbcType=DECIMAL},
      TotalPrice = #{totalprice,jdbcType=DECIMAL},
      AccountId = #{accountid,jdbcType=BIGINT},
      BillNo = #{billno,jdbcType=VARCHAR},
      BillTime = #{billtime,jdbcType=TIMESTAMP},
      Remark = #{remark,jdbcType=VARCHAR},
      tenant_id = #{tenantId,jdbcType=BIGINT},
      delete_Flag = #{deleteFlag,jdbcType=VARCHAR}
    where Id = #{id,jdbcType=BIGINT}
  </update>
</mapper>