<?xml version="1.0" encoding="UTF-8"?>
<!DOCTYPE mapper PUBLIC "-//mybatis.org//DTD Mapper 3.0//EN" "http://mybatis.org/dtd/mybatis-3-mapper.dtd">
<mapper namespace="com.jsh.erp.datasource.mappers.FunctionsMapper">
  <resultMap id="BaseResultMap" type="com.jsh.erp.datasource.entities.Functions">
    <!--
      WARNING - @mbggenerated
      This element is automatically generated by MyBatis Generator, do not modify.
    -->
    <id column="Id" jdbcType="BIGINT" property="id" />
    <result column="Number" jdbcType="VARCHAR" property="number" />
    <result column="Name" jdbcType="VARCHAR" property="name" />
    <result column="PNumber" jdbcType="VARCHAR" property="pnumber" />
    <result column="URL" jdbcType="VARCHAR" property="url" />
    <result column="State" jdbcType="BIT" property="state" />
    <result column="Sort" jdbcType="VARCHAR" property="sort" />
    <result column="Enabled" jdbcType="BIT" property="enabled" />
    <result column="Type" jdbcType="VARCHAR" property="type" />
    <result column="PushBtn" jdbcType="VARCHAR" property="pushbtn" />
    <result column="icon" jdbcType="VARCHAR" property="icon" />
    <result column="delete_Flag" jdbcType="VARCHAR" property="deleteFlag" />
  </resultMap>
  <sql id="Example_Where_Clause">
    <!--
      WARNING - @mbggenerated
      This element is automatically generated by MyBatis Generator, do not modify.
    -->
    <where>
      <foreach collection="oredCriteria" item="criteria" separator="or">
        <if test="criteria.valid">
          <trim prefix="(" prefixOverrides="and" suffix=")">
            <foreach collection="criteria.criteria" item="criterion">
              <choose>
                <when test="criterion.noValue">
                  and ${criterion.condition}
                </when>
                <when test="criterion.singleValue">
                  and ${criterion.condition} #{criterion.value}
                </when>
                <when test="criterion.betweenValue">
                  and ${criterion.condition} #{criterion.value} and #{criterion.secondValue}
                </when>
                <when test="criterion.listValue">
                  and ${criterion.condition}
                  <foreach close=")" collection="criterion.value" item="listItem" open="(" separator=",">
                    #{listItem}
                  </foreach>
                </when>
              </choose>
            </foreach>
          </trim>
        </if>
      </foreach>
    </where>
  </sql>
  <sql id="Update_By_Example_Where_Clause">
    <!--
      WARNING - @mbggenerated
      This element is automatically generated by MyBatis Generator, do not modify.
    -->
    <where>
      <foreach collection="example.oredCriteria" item="criteria" separator="or">
        <if test="criteria.valid">
          <trim prefix="(" prefixOverrides="and" suffix=")">
            <foreach collection="criteria.criteria" item="criterion">
              <choose>
                <when test="criterion.noValue">
                  and ${criterion.condition}
                </when>
                <when test="criterion.singleValue">
                  and ${criterion.condition} #{criterion.value}
                </when>
                <when test="criterion.betweenValue">
                  and ${criterion.condition} #{criterion.value} and #{criterion.secondValue}
                </when>
                <when test="criterion.listValue">
                  and ${criterion.condition}
                  <foreach close=")" collection="criterion.value" item="listItem" open="(" separator=",">
                    #{listItem}
                  </foreach>
                </when>
              </choose>
            </foreach>
          </trim>
        </if>
      </foreach>
    </where>
  </sql>
  <sql id="Base_Column_List">
    <!--
      WARNING - @mbggenerated
      This element is automatically generated by MyBatis Generator, do not modify.
    -->
    Id, Number, Name, PNumber, URL, State, Sort, Enabled, Type, PushBtn, icon, delete_Flag
  </sql>
  <select id="selectByExample" parameterType="com.jsh.erp.datasource.entities.FunctionsExample" resultMap="BaseResultMap">
    <!--
      WARNING - @mbggenerated
      This element is automatically generated by MyBatis Generator, do not modify.
    -->
    select
    <if test="distinct">
      distinct
    </if>
    <include refid="Base_Column_List" />
    from jsh_functions
    <if test="_parameter != null">
      <include refid="Example_Where_Clause" />
    </if>
    <if test="orderByClause != null">
      order by ${orderByClause}
    </if>
  </select>
  <select id="selectByPrimaryKey" parameterType="java.lang.Long" resultMap="BaseResultMap">
    <!--
      WARNING - @mbggenerated
      This element is automatically generated by MyBatis Generator, do not modify.
    -->
    select 
    <include refid="Base_Column_List" />
    from jsh_functions
    where Id = #{id,jdbcType=BIGINT}
  </select>
  <delete id="deleteByPrimaryKey" parameterType="java.lang.Long">
    <!--
      WARNING - @mbggenerated
      This element is automatically generated by MyBatis Generator, do not modify.
    -->
    delete from jsh_functions
    where Id = #{id,jdbcType=BIGINT}
  </delete>
  <delete id="deleteByExample" parameterType="com.jsh.erp.datasource.entities.FunctionsExample">
    <!--
      WARNING - @mbggenerated
      This element is automatically generated by MyBatis Generator, do not modify.
    -->
    delete from jsh_functions
    <if test="_parameter != null">
      <include refid="Example_Where_Clause" />
    </if>
  </delete>
  <insert id="insert" parameterType="com.jsh.erp.datasource.entities.Functions">
    <!--
      WARNING - @mbggenerated
      This element is automatically generated by MyBatis Generator, do not modify.
    -->
    insert into jsh_functions (Id, Number, Name, 
      PNumber, URL, State, Sort, 
      Enabled, Type, PushBtn, 
      icon, delete_Flag)
    values (#{id,jdbcType=BIGINT}, #{number,jdbcType=VARCHAR}, #{name,jdbcType=VARCHAR}, 
      #{pnumber,jdbcType=VARCHAR}, #{url,jdbcType=VARCHAR}, #{state,jdbcType=BIT}, #{sort,jdbcType=VARCHAR}, 
      #{enabled,jdbcType=BIT}, #{type,jdbcType=VARCHAR}, #{pushbtn,jdbcType=VARCHAR}, 
      #{icon,jdbcType=VARCHAR}, #{deleteFlag,jdbcType=VARCHAR})
  </insert>
  <insert id="insertSelective" parameterType="com.jsh.erp.datasource.entities.Functions">
    <!--
      WARNING - @mbggenerated
      This element is automatically generated by MyBatis Generator, do not modify.
    -->
    insert into jsh_functions
    <trim prefix="(" suffix=")" suffixOverrides=",">
      <if test="id != null">
        Id,
      </if>
      <if test="number != null">
        Number,
      </if>
      <if test="name != null">
        Name,
      </if>
      <if test="pnumber != null">
        PNumber,
      </if>
      <if test="url != null">
        URL,
      </if>
      <if test="state != null">
        State,
      </if>
      <if test="sort != null">
        Sort,
      </if>
      <if test="enabled != null">
        Enabled,
      </if>
      <if test="type != null">
        Type,
      </if>
      <if test="pushbtn != null">
        PushBtn,
      </if>
      <if test="icon != null">
        icon,
      </if>
      <if test="deleteFlag != null">
        delete_Flag,
      </if>
    </trim>
    <trim prefix="values (" suffix=")" suffixOverrides=",">
      <if test="id != null">
        #{id,jdbcType=BIGINT},
      </if>
      <if test="number != null">
        #{number,jdbcType=VARCHAR},
      </if>
      <if test="name != null">
        #{name,jdbcType=VARCHAR},
      </if>
      <if test="pnumber != null">
        #{pnumber,jdbcType=VARCHAR},
      </if>
      <if test="url != null">
        #{url,jdbcType=VARCHAR},
      </if>
      <if test="state != null">
        #{state,jdbcType=BIT},
      </if>
      <if test="sort != null">
        #{sort,jdbcType=VARCHAR},
      </if>
      <if test="enabled != null">
        #{enabled,jdbcType=BIT},
      </if>
      <if test="type != null">
        #{type,jdbcType=VARCHAR},
      </if>
      <if test="pushbtn != null">
        #{pushbtn,jdbcType=VARCHAR},
      </if>
      <if test="icon != null">
        #{icon,jdbcType=VARCHAR},
      </if>
      <if test="deleteFlag != null">
        #{deleteFlag,jdbcType=VARCHAR},
      </if>
    </trim>
  </insert>
  <select id="countByExample" parameterType="com.jsh.erp.datasource.entities.FunctionsExample" resultType="java.lang.Integer">
    <!--
      WARNING - @mbggenerated
      This element is automatically generated by MyBatis Generator, do not modify.
    -->
    select count(*) from jsh_functions
    <if test="_parameter != null">
      <include refid="Example_Where_Clause" />
    </if>
  </select>
  <update id="updateByExampleSelective" parameterType="map">
    <!--
      WARNING - @mbggenerated
      This element is automatically generated by MyBatis Generator, do not modify.
    -->
    update jsh_functions
    <set>
      <if test="record.id != null">
        Id = #{record.id,jdbcType=BIGINT},
      </if>
      <if test="record.number != null">
        Number = #{record.number,jdbcType=VARCHAR},
      </if>
      <if test="record.name != null">
        Name = #{record.name,jdbcType=VARCHAR},
      </if>
      <if test="record.pnumber != null">
        PNumber = #{record.pnumber,jdbcType=VARCHAR},
      </if>
      <if test="record.url != null">
        URL = #{record.url,jdbcType=VARCHAR},
      </if>
      <if test="record.state != null">
        State = #{record.state,jdbcType=BIT},
      </if>
      <if test="record.sort != null">
        Sort = #{record.sort,jdbcType=VARCHAR},
      </if>
      <if test="record.enabled != null">
        Enabled = #{record.enabled,jdbcType=BIT},
      </if>
      <if test="record.type != null">
        Type = #{record.type,jdbcType=VARCHAR},
      </if>
      <if test="record.pushbtn != null">
        PushBtn = #{record.pushbtn,jdbcType=VARCHAR},
      </if>
      <if test="record.icon != null">
        icon = #{record.icon,jdbcType=VARCHAR},
      </if>
      <if test="record.deleteFlag != null">
        delete_Flag = #{record.deleteFlag,jdbcType=VARCHAR},
      </if>
    </set>
    <if test="_parameter != null">
      <include refid="Update_By_Example_Where_Clause" />
    </if>
  </update>
  <update id="updateByExample" parameterType="map">
    <!--
      WARNING - @mbggenerated
      This element is automatically generated by MyBatis Generator, do not modify.
    -->
    update jsh_functions
    set Id = #{record.id,jdbcType=BIGINT},
      Number = #{record.number,jdbcType=VARCHAR},
      Name = #{record.name,jdbcType=VARCHAR},
      PNumber = #{record.pnumber,jdbcType=VARCHAR},
      URL = #{record.url,jdbcType=VARCHAR},
      State = #{record.state,jdbcType=BIT},
      Sort = #{record.sort,jdbcType=VARCHAR},
      Enabled = #{record.enabled,jdbcType=BIT},
      Type = #{record.type,jdbcType=VARCHAR},
      PushBtn = #{record.pushbtn,jdbcType=VARCHAR},
      icon = #{record.icon,jdbcType=VARCHAR},
      delete_Flag = #{record.deleteFlag,jdbcType=VARCHAR}
    <if test="_parameter != null">
      <include refid="Update_By_Example_Where_Clause" />
    </if>
  </update>
  <update id="updateByPrimaryKeySelective" parameterType="com.jsh.erp.datasource.entities.Functions">
    <!--
      WARNING - @mbggenerated
      This element is automatically generated by MyBatis Generator, do not modify.
    -->
    update jsh_functions
    <set>
      <if test="number != null">
        Number = #{number,jdbcType=VARCHAR},
      </if>
      <if test="name != null">
        Name = #{name,jdbcType=VARCHAR},
      </if>
      <if test="pnumber != null">
        PNumber = #{pnumber,jdbcType=VARCHAR},
      </if>
      <if test="url != null">
        URL = #{url,jdbcType=VARCHAR},
      </if>
      <if test="state != null">
        State = #{state,jdbcType=BIT},
      </if>
      <if test="sort != null">
        Sort = #{sort,jdbcType=VARCHAR},
      </if>
      <if test="enabled != null">
        Enabled = #{enabled,jdbcType=BIT},
      </if>
      <if test="type != null">
        Type = #{type,jdbcType=VARCHAR},
      </if>
      <if test="pushbtn != null">
        PushBtn = #{pushbtn,jdbcType=VARCHAR},
      </if>
      <if test="icon != null">
        icon = #{icon,jdbcType=VARCHAR},
      </if>
      <if test="deleteFlag != null">
        delete_Flag = #{deleteFlag,jdbcType=VARCHAR},
      </if>
    </set>
    where Id = #{id,jdbcType=BIGINT}
  </update>
  <update id="updateByPrimaryKey" parameterType="com.jsh.erp.datasource.entities.Functions">
    <!--
      WARNING - @mbggenerated
      This element is automatically generated by MyBatis Generator, do not modify.
    -->
    update jsh_functions
    set Number = #{number,jdbcType=VARCHAR},
      Name = #{name,jdbcType=VARCHAR},
      PNumber = #{pnumber,jdbcType=VARCHAR},
      URL = #{url,jdbcType=VARCHAR},
      State = #{state,jdbcType=BIT},
      Sort = #{sort,jdbcType=VARCHAR},
      Enabled = #{enabled,jdbcType=BIT},
      Type = #{type,jdbcType=VARCHAR},
      PushBtn = #{pushbtn,jdbcType=VARCHAR},
      icon = #{icon,jdbcType=VARCHAR},
      delete_Flag = #{deleteFlag,jdbcType=VARCHAR}
    where Id = #{id,jdbcType=BIGINT}
  </update>
</mapper>