<?xml version="1.0" encoding="UTF-8"?>
<!DOCTYPE mapper PUBLIC "-//mybatis.org//DTD Mapper 3.0//EN" "http://mybatis.org/dtd/mybatis-3-mapper.dtd">
<mapper namespace="com.jsh.erp.datasource.mappers.LogMapper">
  <resultMap id="BaseResultMap" type="com.jsh.erp.datasource.entities.Log">
    <!--
      WARNING - @mbggenerated
      This element is automatically generated by MyBatis Generator, do not modify.
    -->
    <id column="id" jdbcType="BIGINT" property="id" />
    <result column="userID" jdbcType="BIGINT" property="userid" />
    <result column="operation" jdbcType="VARCHAR" property="operation" />
    <result column="clientIP" jdbcType="VARCHAR" property="clientip" />
    <result column="createtime" jdbcType="TIMESTAMP" property="createtime" />
    <result column="status" jdbcType="TINYINT" property="status" />
    <result column="contentdetails" jdbcType="VARCHAR" property="contentdetails" />
    <result column="remark" jdbcType="VARCHAR" property="remark" />
    <result column="tenant_id" jdbcType="BIGINT" property="tenantId" />
  </resultMap>
  <sql id="Example_Where_Clause">
    <!--
      WARNING - @mbggenerated
      This element is automatically generated by MyBatis Generator, do not modify.
    -->
    <where>
      <foreach collection="oredCriteria" item="criteria" separator="or">
        <if test="criteria.valid">
          <trim prefix="(" prefixOverrides="and" suffix=")">
            <foreach collection="criteria.criteria" item="criterion">
              <choose>
                <when test="criterion.noValue">
                  and ${criterion.condition}
                </when>
                <when test="criterion.singleValue">
                  and ${criterion.condition} #{criterion.value}
                </when>
                <when test="criterion.betweenValue">
                  and ${criterion.condition} #{criterion.value} and #{criterion.secondValue}
                </when>
                <when test="criterion.listValue">
                  and ${criterion.condition}
                  <foreach close=")" collection="criterion.value" item="listItem" open="(" separator=",">
                    #{listItem}
                  </foreach>
                </when>
              </choose>
            </foreach>
          </trim>
        </if>
      </foreach>
    </where>
  </sql>
  <sql id="Update_By_Example_Where_Clause">
    <!--
      WARNING - @mbggenerated
      This element is automatically generated by MyBatis Generator, do not modify.
    -->
    <where>
      <foreach collection="example.oredCriteria" item="criteria" separator="or">
        <if test="criteria.valid">
          <trim prefix="(" prefixOverrides="and" suffix=")">
            <foreach collection="criteria.criteria" item="criterion">
              <choose>
                <when test="criterion.noValue">
                  and ${criterion.condition}
                </when>
                <when test="criterion.singleValue">
                  and ${criterion.condition} #{criterion.value}
                </when>
                <when test="criterion.betweenValue">
                  and ${criterion.condition} #{criterion.value} and #{criterion.secondValue}
                </when>
                <when test="criterion.listValue">
                  and ${criterion.condition}
                  <foreach close=")" collection="criterion.value" item="listItem" open="(" separator=",">
                    #{listItem}
                  </foreach>
                </when>
              </choose>
            </foreach>
          </trim>
        </if>
      </foreach>
    </where>
  </sql>
  <sql id="Base_Column_List">
    <!--
      WARNING - @mbggenerated
      This element is automatically generated by MyBatis Generator, do not modify.
    -->
    id, userID, operation, clientIP, createtime, status, contentdetails, remark, tenant_id
  </sql>
  <select id="selectByExample" parameterType="com.jsh.erp.datasource.entities.LogExample" resultMap="BaseResultMap">
    <!--
      WARNING - @mbggenerated
      This element is automatically generated by MyBatis Generator, do not modify.
    -->
    select
    <if test="distinct">
      distinct
    </if>
    <include refid="Base_Column_List" />
    from jsh_log
    <if test="_parameter != null">
      <include refid="Example_Where_Clause" />
    </if>
    <if test="orderByClause != null">
      order by ${orderByClause}
    </if>
  </select>
  <select id="selectByPrimaryKey" parameterType="java.lang.Long" resultMap="BaseResultMap">
    <!--
      WARNING - @mbggenerated
      This element is automatically generated by MyBatis Generator, do not modify.
    -->
    select 
    <include refid="Base_Column_List" />
    from jsh_log
    where id = #{id,jdbcType=BIGINT}
  </select>
  <delete id="deleteByPrimaryKey" parameterType="java.lang.Long">
    <!--
      WARNING - @mbggenerated
      This element is automatically generated by MyBatis Generator, do not modify.
    -->
    delete from jsh_log
    where id = #{id,jdbcType=BIGINT}
  </delete>
  <delete id="deleteByExample" parameterType="com.jsh.erp.datasource.entities.LogExample">
    <!--
      WARNING - @mbggenerated
      This element is automatically generated by MyBatis Generator, do not modify.
    -->
    delete from jsh_log
    <if test="_parameter != null">
      <include refid="Example_Where_Clause" />
    </if>
  </delete>
  <insert id="insert" parameterType="com.jsh.erp.datasource.entities.Log">
    <!--
      WARNING - @mbggenerated
      This element is automatically generated by MyBatis Generator, do not modify.
    -->
    insert into jsh_log (id, userID, operation, 
      clientIP, createtime, status, 
      contentdetails, remark, tenant_id
      )
    values (#{id,jdbcType=BIGINT}, #{userid,jdbcType=BIGINT}, #{operation,jdbcType=VARCHAR}, 
      #{clientip,jdbcType=VARCHAR}, #{createtime,jdbcType=TIMESTAMP}, #{status,jdbcType=TINYINT}, 
      #{contentdetails,jdbcType=VARCHAR}, #{remark,jdbcType=VARCHAR}, #{tenantId,jdbcType=BIGINT}
      )
  </insert>
  <insert id="insertSelective" parameterType="com.jsh.erp.datasource.entities.Log">
    <!--
      WARNING - @mbggenerated
      This element is automatically generated by MyBatis Generator, do not modify.
    -->
    insert into jsh_log
    <trim prefix="(" suffix=")" suffixOverrides=",">
      <if test="id != null">
        id,
      </if>
      <if test="userid != null">
        userID,
      </if>
      <if test="operation != null">
        operation,
      </if>
      <if test="clientip != null">
        clientIP,
      </if>
      <if test="createtime != null">
        createtime,
      </if>
      <if test="status != null">
        status,
      </if>
      <if test="contentdetails != null">
        contentdetails,
      </if>
      <if test="remark != null">
        remark,
      </if>
      <if test="tenantId != null">
        tenant_id,
      </if>
    </trim>
    <trim prefix="values (" suffix=")" suffixOverrides=",">
      <if test="id != null">
        #{id,jdbcType=BIGINT},
      </if>
      <if test="userid != null">
        #{userid,jdbcType=BIGINT},
      </if>
      <if test="operation != null">
        #{operation,jdbcType=VARCHAR},
      </if>
      <if test="clientip != null">
        #{clientip,jdbcType=VARCHAR},
      </if>
      <if test="createtime != null">
        #{createtime,jdbcType=TIMESTAMP},
      </if>
      <if test="status != null">
        #{status,jdbcType=TINYINT},
      </if>
      <if test="contentdetails != null">
        #{contentdetails,jdbcType=VARCHAR},
      </if>
      <if test="remark != null">
        #{remark,jdbcType=VARCHAR},
      </if>
      <if test="tenantId != null">
        #{tenantId,jdbcType=BIGINT},
      </if>
    </trim>
  </insert>
  <select id="countByExample" parameterType="com.jsh.erp.datasource.entities.LogExample" resultType="java.lang.Integer">
    <!--
      WARNING - @mbggenerated
      This element is automatically generated by MyBatis Generator, do not modify.
    -->
    select count(*) from jsh_log
    <if test="_parameter != null">
      <include refid="Example_Where_Clause" />
    </if>
  </select>
  <update id="updateByExampleSelective" parameterType="map">
    <!--
      WARNING - @mbggenerated
      This element is automatically generated by MyBatis Generator, do not modify.
    -->
    update jsh_log
    <set>
      <if test="record.id != null">
        id = #{record.id,jdbcType=BIGINT},
      </if>
      <if test="record.userid != null">
        userID = #{record.userid,jdbcType=BIGINT},
      </if>
      <if test="record.operation != null">
        operation = #{record.operation,jdbcType=VARCHAR},
      </if>
      <if test="record.clientip != null">
        clientIP = #{record.clientip,jdbcType=VARCHAR},
      </if>
      <if test="record.createtime != null">
        createtime = #{record.createtime,jdbcType=TIMESTAMP},
      </if>
      <if test="record.status != null">
        status = #{record.status,jdbcType=TINYINT},
      </if>
      <if test="record.contentdetails != null">
        contentdetails = #{record.contentdetails,jdbcType=VARCHAR},
      </if>
      <if test="record.remark != null">
        remark = #{record.remark,jdbcType=VARCHAR},
      </if>
      <if test="record.tenantId != null">
        tenant_id = #{record.tenantId,jdbcType=BIGINT},
      </if>
    </set>
    <if test="_parameter != null">
      <include refid="Update_By_Example_Where_Clause" />
    </if>
  </update>
  <update id="updateByExample" parameterType="map">
    <!--
      WARNING - @mbggenerated
      This element is automatically generated by MyBatis Generator, do not modify.
    -->
    update jsh_log
    set id = #{record.id,jdbcType=BIGINT},
      userID = #{record.userid,jdbcType=BIGINT},
      operation = #{record.operation,jdbcType=VARCHAR},
      clientIP = #{record.clientip,jdbcType=VARCHAR},
      createtime = #{record.createtime,jdbcType=TIMESTAMP},
      status = #{record.status,jdbcType=TINYINT},
      contentdetails = #{record.contentdetails,jdbcType=VARCHAR},
      remark = #{record.remark,jdbcType=VARCHAR},
      tenant_id = #{record.tenantId,jdbcType=BIGINT}
    <if test="_parameter != null">
      <include refid="Update_By_Example_Where_Clause" />
    </if>
  </update>
  <update id="updateByPrimaryKeySelective" parameterType="com.jsh.erp.datasource.entities.Log">
    <!--
      WARNING - @mbggenerated
      This element is automatically generated by MyBatis Generator, do not modify.
    -->
    update jsh_log
    <set>
      <if test="userid != null">
        userID = #{userid,jdbcType=BIGINT},
      </if>
      <if test="operation != null">
        operation = #{operation,jdbcType=VARCHAR},
      </if>
      <if test="clientip != null">
        clientIP = #{clientip,jdbcType=VARCHAR},
      </if>
      <if test="createtime != null">
        createtime = #{createtime,jdbcType=TIMESTAMP},
      </if>
      <if test="status != null">
        status = #{status,jdbcType=TINYINT},
      </if>
      <if test="contentdetails != null">
        contentdetails = #{contentdetails,jdbcType=VARCHAR},
      </if>
      <if test="remark != null">
        remark = #{remark,jdbcType=VARCHAR},
      </if>
      <if test="tenantId != null">
        tenant_id = #{tenantId,jdbcType=BIGINT},
      </if>
    </set>
    where id = #{id,jdbcType=BIGINT}
  </update>
  <update id="updateByPrimaryKey" parameterType="com.jsh.erp.datasource.entities.Log">
    <!--
      WARNING - @mbggenerated
      This element is automatically generated by MyBatis Generator, do not modify.
    -->
    update jsh_log
    set userID = #{userid,jdbcType=BIGINT},
      operation = #{operation,jdbcType=VARCHAR},
      clientIP = #{clientip,jdbcType=VARCHAR},
      createtime = #{createtime,jdbcType=TIMESTAMP},
      status = #{status,jdbcType=TINYINT},
      contentdetails = #{contentdetails,jdbcType=VARCHAR},
      remark = #{remark,jdbcType=VARCHAR},
      tenant_id = #{tenantId,jdbcType=BIGINT}
    where id = #{id,jdbcType=BIGINT}
  </update>
</mapper>