<?xml version="1.0" encoding="UTF-8"?>
<!DOCTYPE mapper PUBLIC "-//mybatis.org//DTD Mapper 3.0//EN" "http://mybatis.org/dtd/mybatis-3-mapper.dtd">
<mapper namespace="com.jsh.erp.datasource.mappers.MaterialCategoryMapper">
  <resultMap id="BaseResultMap" type="com.jsh.erp.datasource.entities.MaterialCategory">
    <!--
      WARNING - @mbggenerated
      This element is automatically generated by MyBatis Generator, do not modify.
    -->
    <id column="Id" jdbcType="BIGINT" property="id" />
    <result column="Name" jdbcType="VARCHAR" property="name" />
    <result column="CategoryLevel" jdbcType="SMALLINT" property="categorylevel" />
    <result column="ParentId" jdbcType="BIGINT" property="parentid" />
    <result column="sort" jdbcType="VARCHAR" property="sort" />
    <result column="status" jdbcType="VARCHAR" property="status" />
    <result column="serial_no" jdbcType="VARCHAR" property="serialNo" />
    <result column="remark" jdbcType="VARCHAR" property="remark" />
    <result column="create_time" jdbcType="TIMESTAMP" property="createTime" />
    <result column="creator" jdbcType="BIGINT" property="creator" />
    <result column="update_time" jdbcType="TIMESTAMP" property="updateTime" />
    <result column="updater" jdbcType="BIGINT" property="updater" />
    <result column="tenant_id" jdbcType="BIGINT" property="tenantId" />
  </resultMap>
  <sql id="Example_Where_Clause">
    <!--
      WARNING - @mbggenerated
      This element is automatically generated by MyBatis Generator, do not modify.
    -->
    <where>
      <foreach collection="oredCriteria" item="criteria" separator="or">
        <if test="criteria.valid">
          <trim prefix="(" prefixOverrides="and" suffix=")">
            <foreach collection="criteria.criteria" item="criterion">
              <choose>
                <when test="criterion.noValue">
                  and ${criterion.condition}
                </when>
                <when test="criterion.singleValue">
                  and ${criterion.condition} #{criterion.value}
                </when>
                <when test="criterion.betweenValue">
                  and ${criterion.condition} #{criterion.value} and #{criterion.secondValue}
                </when>
                <when test="criterion.listValue">
                  and ${criterion.condition}
                  <foreach close=")" collection="criterion.value" item="listItem" open="(" separator=",">
                    #{listItem}
                  </foreach>
                </when>
              </choose>
            </foreach>
          </trim>
        </if>
      </foreach>
    </where>
  </sql>
  <sql id="Update_By_Example_Where_Clause">
    <!--
      WARNING - @mbggenerated
      This element is automatically generated by MyBatis Generator, do not modify.
    -->
    <where>
      <foreach collection="example.oredCriteria" item="criteria" separator="or">
        <if test="criteria.valid">
          <trim prefix="(" prefixOverrides="and" suffix=")">
            <foreach collection="criteria.criteria" item="criterion">
              <choose>
                <when test="criterion.noValue">
                  and ${criterion.condition}
                </when>
                <when test="criterion.singleValue">
                  and ${criterion.condition} #{criterion.value}
                </when>
                <when test="criterion.betweenValue">
                  and ${criterion.condition} #{criterion.value} and #{criterion.secondValue}
                </when>
                <when test="criterion.listValue">
                  and ${criterion.condition}
                  <foreach close=")" collection="criterion.value" item="listItem" open="(" separator=",">
                    #{listItem}
                  </foreach>
                </when>
              </choose>
            </foreach>
          </trim>
        </if>
      </foreach>
    </where>
  </sql>
  <sql id="Base_Column_List">
    <!--
      WARNING - @mbggenerated
      This element is automatically generated by MyBatis Generator, do not modify.
    -->
    Id, Name, CategoryLevel, ParentId, sort, status, serial_no, remark, create_time, 
    creator, update_time, updater, tenant_id
  </sql>
  <select id="selectByExample" parameterType="com.jsh.erp.datasource.entities.MaterialCategoryExample" resultMap="BaseResultMap">
    <!--
      WARNING - @mbggenerated
      This element is automatically generated by MyBatis Generator, do not modify.
    -->
    select
    <if test="distinct">
      distinct
    </if>
    <include refid="Base_Column_List" />
    from jsh_materialcategory
    <if test="_parameter != null">
      <include refid="Example_Where_Clause" />
    </if>
    <if test="orderByClause != null">
      order by ${orderByClause}
    </if>
  </select>
  <select id="selectByPrimaryKey" parameterType="java.lang.Long" resultMap="BaseResultMap">
    <!--
      WARNING - @mbggenerated
      This element is automatically generated by MyBatis Generator, do not modify.
    -->
    select 
    <include refid="Base_Column_List" />
    from jsh_materialcategory
    where Id = #{id,jdbcType=BIGINT}
  </select>
  <delete id="deleteByPrimaryKey" parameterType="java.lang.Long">
    <!--
      WARNING - @mbggenerated
      This element is automatically generated by MyBatis Generator, do not modify.
    -->
    delete from jsh_materialcategory
    where Id = #{id,jdbcType=BIGINT}
  </delete>
  <delete id="deleteByExample" parameterType="com.jsh.erp.datasource.entities.MaterialCategoryExample">
    <!--
      WARNING - @mbggenerated
      This element is automatically generated by MyBatis Generator, do not modify.
    -->
    delete from jsh_materialcategory
    <if test="_parameter != null">
      <include refid="Example_Where_Clause" />
    </if>
  </delete>
  <insert id="insert" parameterType="com.jsh.erp.datasource.entities.MaterialCategory">
    <!--
      WARNING - @mbggenerated
      This element is automatically generated by MyBatis Generator, do not modify.
    -->
    insert into jsh_materialcategory (Id, Name, CategoryLevel, 
      ParentId, sort, status, 
      serial_no, remark, create_time, 
      creator, update_time, updater, 
      tenant_id)
    values (#{id,jdbcType=BIGINT}, #{name,jdbcType=VARCHAR}, #{categorylevel,jdbcType=SMALLINT}, 
      #{parentid,jdbcType=BIGINT}, #{sort,jdbcType=VARCHAR}, #{status,jdbcType=VARCHAR}, 
      #{serialNo,jdbcType=VARCHAR}, #{remark,jdbcType=VARCHAR}, #{createTime,jdbcType=TIMESTAMP}, 
      #{creator,jdbcType=BIGINT}, #{updateTime,jdbcType=TIMESTAMP}, #{updater,jdbcType=BIGINT}, 
      #{tenantId,jdbcType=BIGINT})
  </insert>
  <insert id="insertSelective" parameterType="com.jsh.erp.datasource.entities.MaterialCategory">
    <!--
      WARNING - @mbggenerated
      This element is automatically generated by MyBatis Generator, do not modify.
    -->
    insert into jsh_materialcategory
    <trim prefix="(" suffix=")" suffixOverrides=",">
      <if test="id != null">
        Id,
      </if>
      <if test="name != null">
        Name,
      </if>
      <if test="categorylevel != null">
        CategoryLevel,
      </if>
      <if test="parentid != null">
        ParentId,
      </if>
      <if test="sort != null">
        sort,
      </if>
      <if test="status != null">
        status,
      </if>
      <if test="serialNo != null">
        serial_no,
      </if>
      <if test="remark != null">
        remark,
      </if>
      <if test="createTime != null">
        create_time,
      </if>
      <if test="creator != null">
        creator,
      </if>
      <if test="updateTime != null">
        update_time,
      </if>
      <if test="updater != null">
        updater,
      </if>
      <if test="tenantId != null">
        tenant_id,
      </if>
    </trim>
    <trim prefix="values (" suffix=")" suffixOverrides=",">
      <if test="id != null">
        #{id,jdbcType=BIGINT},
      </if>
      <if test="name != null">
        #{name,jdbcType=VARCHAR},
      </if>
      <if test="categorylevel != null">
        #{categorylevel,jdbcType=SMALLINT},
      </if>
      <if test="parentid != null">
        #{parentid,jdbcType=BIGINT},
      </if>
      <if test="sort != null">
        #{sort,jdbcType=VARCHAR},
      </if>
      <if test="status != null">
        #{status,jdbcType=VARCHAR},
      </if>
      <if test="serialNo != null">
        #{serialNo,jdbcType=VARCHAR},
      </if>
      <if test="remark != null">
        #{remark,jdbcType=VARCHAR},
      </if>
      <if test="createTime != null">
        #{createTime,jdbcType=TIMESTAMP},
      </if>
      <if test="creator != null">
        #{creator,jdbcType=BIGINT},
      </if>
      <if test="updateTime != null">
        #{updateTime,jdbcType=TIMESTAMP},
      </if>
      <if test="updater != null">
        #{updater,jdbcType=BIGINT},
      </if>
      <if test="tenantId != null">
        #{tenantId,jdbcType=BIGINT},
      </if>
    </trim>
  </insert>
  <select id="countByExample" parameterType="com.jsh.erp.datasource.entities.MaterialCategoryExample" resultType="java.lang.Integer">
    <!--
      WARNING - @mbggenerated
      This element is automatically generated by MyBatis Generator, do not modify.
    -->
    select count(*) from jsh_materialcategory
    <if test="_parameter != null">
      <include refid="Example_Where_Clause" />
    </if>
  </select>
  <update id="updateByExampleSelective" parameterType="map">
    <!--
      WARNING - @mbggenerated
      This element is automatically generated by MyBatis Generator, do not modify.
    -->
    update jsh_materialcategory
    <set>
      <if test="record.id != null">
        Id = #{record.id,jdbcType=BIGINT},
      </if>
      <if test="record.name != null">
        Name = #{record.name,jdbcType=VARCHAR},
      </if>
      <if test="record.categorylevel != null">
        CategoryLevel = #{record.categorylevel,jdbcType=SMALLINT},
      </if>
      <if test="record.parentid != null">
        ParentId = #{record.parentid,jdbcType=BIGINT},
      </if>
      <if test="record.sort != null">
        sort = #{record.sort,jdbcType=VARCHAR},
      </if>
      <if test="record.status != null">
        status = #{record.status,jdbcType=VARCHAR},
      </if>
      <if test="record.serialNo != null">
        serial_no = #{record.serialNo,jdbcType=VARCHAR},
      </if>
      <if test="record.remark != null">
        remark = #{record.remark,jdbcType=VARCHAR},
      </if>
      <if test="record.createTime != null">
        create_time = #{record.createTime,jdbcType=TIMESTAMP},
      </if>
      <if test="record.creator != null">
        creator = #{record.creator,jdbcType=BIGINT},
      </if>
      <if test="record.updateTime != null">
        update_time = #{record.updateTime,jdbcType=TIMESTAMP},
      </if>
      <if test="record.updater != null">
        updater = #{record.updater,jdbcType=BIGINT},
      </if>
      <if test="record.tenantId != null">
        tenant_id = #{record.tenantId,jdbcType=BIGINT},
      </if>
    </set>
    <if test="_parameter != null">
      <include refid="Update_By_Example_Where_Clause" />
    </if>
  </update>
  <update id="updateByExample" parameterType="map">
    <!--
      WARNING - @mbggenerated
      This element is automatically generated by MyBatis Generator, do not modify.
    -->
    update jsh_materialcategory
    set Id = #{record.id,jdbcType=BIGINT},
      Name = #{record.name,jdbcType=VARCHAR},
      CategoryLevel = #{record.categorylevel,jdbcType=SMALLINT},
      ParentId = #{record.parentid,jdbcType=BIGINT},
      sort = #{record.sort,jdbcType=VARCHAR},
      status = #{record.status,jdbcType=VARCHAR},
      serial_no = #{record.serialNo,jdbcType=VARCHAR},
      remark = #{record.remark,jdbcType=VARCHAR},
      create_time = #{record.createTime,jdbcType=TIMESTAMP},
      creator = #{record.creator,jdbcType=BIGINT},
      update_time = #{record.updateTime,jdbcType=TIMESTAMP},
      updater = #{record.updater,jdbcType=BIGINT},
      tenant_id = #{record.tenantId,jdbcType=BIGINT}
    <if test="_parameter != null">
      <include refid="Update_By_Example_Where_Clause" />
    </if>
  </update>
  <update id="updateByPrimaryKeySelective" parameterType="com.jsh.erp.datasource.entities.MaterialCategory">
    <!--
      WARNING - @mbggenerated
      This element is automatically generated by MyBatis Generator, do not modify.
    -->
    update jsh_materialcategory
    <set>
      <if test="name != null">
        Name = #{name,jdbcType=VARCHAR},
      </if>
      <if test="categorylevel != null">
        CategoryLevel = #{categorylevel,jdbcType=SMALLINT},
      </if>
      <if test="parentid != null">
        ParentId = #{parentid,jdbcType=BIGINT},
      </if>
      <if test="sort != null">
        sort = #{sort,jdbcType=VARCHAR},
      </if>
      <if test="status != null">
        status = #{status,jdbcType=VARCHAR},
      </if>
      <if test="serialNo != null">
        serial_no = #{serialNo,jdbcType=VARCHAR},
      </if>
      <if test="remark != null">
        remark = #{remark,jdbcType=VARCHAR},
      </if>
      <if test="createTime != null">
        create_time = #{createTime,jdbcType=TIMESTAMP},
      </if>
      <if test="creator != null">
        creator = #{creator,jdbcType=BIGINT},
      </if>
      <if test="updateTime != null">
        update_time = #{updateTime,jdbcType=TIMESTAMP},
      </if>
      <if test="updater != null">
        updater = #{updater,jdbcType=BIGINT},
      </if>
      <if test="tenantId != null">
        tenant_id = #{tenantId,jdbcType=BIGINT},
      </if>
    </set>
    where Id = #{id,jdbcType=BIGINT}
  </update>
  <update id="updateByPrimaryKey" parameterType="com.jsh.erp.datasource.entities.MaterialCategory">
    <!--
      WARNING - @mbggenerated
      This element is automatically generated by MyBatis Generator, do not modify.
    -->
    update jsh_materialcategory
    set Name = #{name,jdbcType=VARCHAR},
      CategoryLevel = #{categorylevel,jdbcType=SMALLINT},
      ParentId = #{parentid,jdbcType=BIGINT},
      sort = #{sort,jdbcType=VARCHAR},
      status = #{status,jdbcType=VARCHAR},
      serial_no = #{serialNo,jdbcType=VARCHAR},
      remark = #{remark,jdbcType=VARCHAR},
      create_time = #{createTime,jdbcType=TIMESTAMP},
      creator = #{creator,jdbcType=BIGINT},
      update_time = #{updateTime,jdbcType=TIMESTAMP},
      updater = #{updater,jdbcType=BIGINT},
      tenant_id = #{tenantId,jdbcType=BIGINT}
    where Id = #{id,jdbcType=BIGINT}
  </update>
</mapper>