<?xml version="1.0" encoding="UTF-8"?>
<!DOCTYPE mapper PUBLIC "-//mybatis.org//DTD Mapper 3.0//EN" "http://mybatis.org/dtd/mybatis-3-mapper.dtd">
<mapper namespace="com.jsh.erp.datasource.mappers.MaterialPropertyMapper">
  <resultMap id="BaseResultMap" type="com.jsh.erp.datasource.entities.MaterialProperty">
    <!--
      WARNING - @mbggenerated
      This element is automatically generated by MyBatis Generator, do not modify.
    -->
    <id column="id" jdbcType="BIGINT" property="id" />
    <result column="nativeName" jdbcType="VARCHAR" property="nativename" />
    <result column="enabled" jdbcType="BIT" property="enabled" />
    <result column="sort" jdbcType="VARCHAR" property="sort" />
    <result column="anotherName" jdbcType="VARCHAR" property="anothername" />
    <result column="delete_Flag" jdbcType="VARCHAR" property="deleteFlag" />
  </resultMap>
  <sql id="Example_Where_Clause">
    <!--
      WARNING - @mbggenerated
      This element is automatically generated by MyBatis Generator, do not modify.
    -->
    <where>
      <foreach collection="oredCriteria" item="criteria" separator="or">
        <if test="criteria.valid">
          <trim prefix="(" prefixOverrides="and" suffix=")">
            <foreach collection="criteria.criteria" item="criterion">
              <choose>
                <when test="criterion.noValue">
                  and ${criterion.condition}
                </when>
                <when test="criterion.singleValue">
                  and ${criterion.condition} #{criterion.value}
                </when>
                <when test="criterion.betweenValue">
                  and ${criterion.condition} #{criterion.value} and #{criterion.secondValue}
                </when>
                <when test="criterion.listValue">
                  and ${criterion.condition}
                  <foreach close=")" collection="criterion.value" item="listItem" open="(" separator=",">
                    #{listItem}
                  </foreach>
                </when>
              </choose>
            </foreach>
          </trim>
        </if>
      </foreach>
    </where>
  </sql>
  <sql id="Update_By_Example_Where_Clause">
    <!--
      WARNING - @mbggenerated
      This element is automatically generated by MyBatis Generator, do not modify.
    -->
    <where>
      <foreach collection="example.oredCriteria" item="criteria" separator="or">
        <if test="criteria.valid">
          <trim prefix="(" prefixOverrides="and" suffix=")">
            <foreach collection="criteria.criteria" item="criterion">
              <choose>
                <when test="criterion.noValue">
                  and ${criterion.condition}
                </when>
                <when test="criterion.singleValue">
                  and ${criterion.condition} #{criterion.value}
                </when>
                <when test="criterion.betweenValue">
                  and ${criterion.condition} #{criterion.value} and #{criterion.secondValue}
                </when>
                <when test="criterion.listValue">
                  and ${criterion.condition}
                  <foreach close=")" collection="criterion.value" item="listItem" open="(" separator=",">
                    #{listItem}
                  </foreach>
                </when>
              </choose>
            </foreach>
          </trim>
        </if>
      </foreach>
    </where>
  </sql>
  <sql id="Base_Column_List">
    <!--
      WARNING - @mbggenerated
      This element is automatically generated by MyBatis Generator, do not modify.
    -->
    id, nativeName, enabled, sort, anotherName, delete_Flag
  </sql>
  <select id="selectByExample" parameterType="com.jsh.erp.datasource.entities.MaterialPropertyExample" resultMap="BaseResultMap">
    <!--
      WARNING - @mbggenerated
      This element is automatically generated by MyBatis Generator, do not modify.
    -->
    select
    <if test="distinct">
      distinct
    </if>
    <include refid="Base_Column_List" />
    from jsh_materialproperty
    <if test="_parameter != null">
      <include refid="Example_Where_Clause" />
    </if>
    <if test="orderByClause != null">
      order by ${orderByClause}
    </if>
  </select>
  <select id="selectByPrimaryKey" parameterType="java.lang.Long" resultMap="BaseResultMap">
    <!--
      WARNING - @mbggenerated
      This element is automatically generated by MyBatis Generator, do not modify.
    -->
    select 
    <include refid="Base_Column_List" />
    from jsh_materialproperty
    where id = #{id,jdbcType=BIGINT}
  </select>
  <delete id="deleteByPrimaryKey" parameterType="java.lang.Long">
    <!--
      WARNING - @mbggenerated
      This element is automatically generated by MyBatis Generator, do not modify.
    -->
    delete from jsh_materialproperty
    where id = #{id,jdbcType=BIGINT}
  </delete>
  <delete id="deleteByExample" parameterType="com.jsh.erp.datasource.entities.MaterialPropertyExample">
    <!--
      WARNING - @mbggenerated
      This element is automatically generated by MyBatis Generator, do not modify.
    -->
    delete from jsh_materialproperty
    <if test="_parameter != null">
      <include refid="Example_Where_Clause" />
    </if>
  </delete>
  <insert id="insert" parameterType="com.jsh.erp.datasource.entities.MaterialProperty">
    <!--
      WARNING - @mbggenerated
      This element is automatically generated by MyBatis Generator, do not modify.
    -->
    insert into jsh_materialproperty (id, nativeName, enabled, 
      sort, anotherName, delete_Flag
      )
    values (#{id,jdbcType=BIGINT}, #{nativename,jdbcType=VARCHAR}, #{enabled,jdbcType=BIT}, 
      #{sort,jdbcType=VARCHAR}, #{anothername,jdbcType=VARCHAR}, #{deleteFlag,jdbcType=VARCHAR}
      )
  </insert>
  <insert id="insertSelective" parameterType="com.jsh.erp.datasource.entities.MaterialProperty">
    <!--
      WARNING - @mbggenerated
      This element is automatically generated by MyBatis Generator, do not modify.
    -->
    insert into jsh_materialproperty
    <trim prefix="(" suffix=")" suffixOverrides=",">
      <if test="id != null">
        id,
      </if>
      <if test="nativename != null">
        nativeName,
      </if>
      <if test="enabled != null">
        enabled,
      </if>
      <if test="sort != null">
        sort,
      </if>
      <if test="anothername != null">
        anotherName,
      </if>
      <if test="deleteFlag != null">
        delete_Flag,
      </if>
    </trim>
    <trim prefix="values (" suffix=")" suffixOverrides=",">
      <if test="id != null">
        #{id,jdbcType=BIGINT},
      </if>
      <if test="nativename != null">
        #{nativename,jdbcType=VARCHAR},
      </if>
      <if test="enabled != null">
        #{enabled,jdbcType=BIT},
      </if>
      <if test="sort != null">
        #{sort,jdbcType=VARCHAR},
      </if>
      <if test="anothername != null">
        #{anothername,jdbcType=VARCHAR},
      </if>
      <if test="deleteFlag != null">
        #{deleteFlag,jdbcType=VARCHAR},
      </if>
    </trim>
  </insert>
  <select id="countByExample" parameterType="com.jsh.erp.datasource.entities.MaterialPropertyExample" resultType="java.lang.Integer">
    <!--
      WARNING - @mbggenerated
      This element is automatically generated by MyBatis Generator, do not modify.
    -->
    select count(*) from jsh_materialproperty
    <if test="_parameter != null">
      <include refid="Example_Where_Clause" />
    </if>
  </select>
  <update id="updateByExampleSelective" parameterType="map">
    <!--
      WARNING - @mbggenerated
      This element is automatically generated by MyBatis Generator, do not modify.
    -->
    update jsh_materialproperty
    <set>
      <if test="record.id != null">
        id = #{record.id,jdbcType=BIGINT},
      </if>
      <if test="record.nativename != null">
        nativeName = #{record.nativename,jdbcType=VARCHAR},
      </if>
      <if test="record.enabled != null">
        enabled = #{record.enabled,jdbcType=BIT},
      </if>
      <if test="record.sort != null">
        sort = #{record.sort,jdbcType=VARCHAR},
      </if>
      <if test="record.anothername != null">
        anotherName = #{record.anothername,jdbcType=VARCHAR},
      </if>
      <if test="record.deleteFlag != null">
        delete_Flag = #{record.deleteFlag,jdbcType=VARCHAR},
      </if>
    </set>
    <if test="_parameter != null">
      <include refid="Update_By_Example_Where_Clause" />
    </if>
  </update>
  <update id="updateByExample" parameterType="map">
    <!--
      WARNING - @mbggenerated
      This element is automatically generated by MyBatis Generator, do not modify.
    -->
    update jsh_materialproperty
    set id = #{record.id,jdbcType=BIGINT},
      nativeName = #{record.nativename,jdbcType=VARCHAR},
      enabled = #{record.enabled,jdbcType=BIT},
      sort = #{record.sort,jdbcType=VARCHAR},
      anotherName = #{record.anothername,jdbcType=VARCHAR},
      delete_Flag = #{record.deleteFlag,jdbcType=VARCHAR}
    <if test="_parameter != null">
      <include refid="Update_By_Example_Where_Clause" />
    </if>
  </update>
  <update id="updateByPrimaryKeySelective" parameterType="com.jsh.erp.datasource.entities.MaterialProperty">
    <!--
      WARNING - @mbggenerated
      This element is automatically generated by MyBatis Generator, do not modify.
    -->
    update jsh_materialproperty
    <set>
      <if test="nativename != null">
        nativeName = #{nativename,jdbcType=VARCHAR},
      </if>
      <if test="enabled != null">
        enabled = #{enabled,jdbcType=BIT},
      </if>
      <if test="sort != null">
        sort = #{sort,jdbcType=VARCHAR},
      </if>
      <if test="anothername != null">
        anotherName = #{anothername,jdbcType=VARCHAR},
      </if>
      <if test="deleteFlag != null">
        delete_Flag = #{deleteFlag,jdbcType=VARCHAR},
      </if>
    </set>
    where id = #{id,jdbcType=BIGINT}
  </update>
  <update id="updateByPrimaryKey" parameterType="com.jsh.erp.datasource.entities.MaterialProperty">
    <!--
      WARNING - @mbggenerated
      This element is automatically generated by MyBatis Generator, do not modify.
    -->
    update jsh_materialproperty
    set nativeName = #{nativename,jdbcType=VARCHAR},
      enabled = #{enabled,jdbcType=BIT},
      sort = #{sort,jdbcType=VARCHAR},
      anotherName = #{anothername,jdbcType=VARCHAR},
      delete_Flag = #{deleteFlag,jdbcType=VARCHAR}
    where id = #{id,jdbcType=BIGINT}
  </update>
</mapper>