<?xml version="1.0" encoding="UTF-8"?>
<!DOCTYPE mapper PUBLIC "-//mybatis.org//DTD Mapper 3.0//EN" "http://mybatis.org/dtd/mybatis-3-mapper.dtd">
<mapper namespace="com.jsh.erp.datasource.mappers.RoleMapperEx">
    <select id="selectByConditionRole" resultMap="com.jsh.erp.datasource.mappers.RoleMapper.BaseResultMap">
        SELECT *
        FROM jsh_role
        WHERE 1=1
        and ifnull(delete_Flag,'0') !='1'
        <if test="name != null">
            and name like '%${name}%'
        </if>
        <if test="offset != null and rows != null">
            limit #{offset},#{rows}
        </if>;
    </select>
    <select id="countsByRole" resultType="java.lang.Long">
        SELECT
        COUNT(id)
        FROM jsh_role
        WHERE 1=1
        and ifnull(delete_Flag,'0') !='1'
        <if test="name != null">
            and name like '%${name}%'
        </if>
    </select>
    <update id="batchDeleteRoleByIds">
        update jsh_role
        set delete_Flag='1'
        where 1=1
        and id in (
        <foreach collection="ids" item="id" separator=",">
            #{id}
        </foreach>
        )
    </update>
</mapper>