<?xml version="1.0" encoding="UTF-8"?>
<!DOCTYPE mapper PUBLIC "-//mybatis.org//DTD Mapper 3.0//EN" "http://mybatis.org/dtd/mybatis-3-mapper.dtd">
<mapper namespace="com.jsh.erp.datasource.mappers.SerialNumberMapper">
  <resultMap id="BaseResultMap" type="com.jsh.erp.datasource.entities.SerialNumber">
    <!--
      WARNING - @mbggenerated
      This element is automatically generated by MyBatis Generator, do not modify.
    -->
    <id column="id" jdbcType="BIGINT" property="id" />
    <result column="material_Id" jdbcType="BIGINT" property="materialId" />
    <result column="serial_Number" jdbcType="VARCHAR" property="serialNumber" />
    <result column="is_Sell" jdbcType="VARCHAR" property="isSell" />
    <result column="remark" jdbcType="VARCHAR" property="remark" />
    <result column="delete_Flag" jdbcType="VARCHAR" property="deleteFlag" />
    <result column="create_Time" jdbcType="TIMESTAMP" property="createTime" />
    <result column="creator" jdbcType="BIGINT" property="creator" />
    <result column="update_Time" jdbcType="TIMESTAMP" property="updateTime" />
    <result column="updater" jdbcType="BIGINT" property="updater" />
    <result column="depothead_Id" jdbcType="BIGINT" property="depotheadId" />
    <result column="tenant_id" jdbcType="BIGINT" property="tenantId" />
  </resultMap>
  <sql id="Example_Where_Clause">
    <!--
      WARNING - @mbggenerated
      This element is automatically generated by MyBatis Generator, do not modify.
    -->
    <where>
      <foreach collection="oredCriteria" item="criteria" separator="or">
        <if test="criteria.valid">
          <trim prefix="(" prefixOverrides="and" suffix=")">
            <foreach collection="criteria.criteria" item="criterion">
              <choose>
                <when test="criterion.noValue">
                  and ${criterion.condition}
                </when>
                <when test="criterion.singleValue">
                  and ${criterion.condition} #{criterion.value}
                </when>
                <when test="criterion.betweenValue">
                  and ${criterion.condition} #{criterion.value} and #{criterion.secondValue}
                </when>
                <when test="criterion.listValue">
                  and ${criterion.condition}
                  <foreach close=")" collection="criterion.value" item="listItem" open="(" separator=",">
                    #{listItem}
                  </foreach>
                </when>
              </choose>
            </foreach>
          </trim>
        </if>
      </foreach>
    </where>
  </sql>
  <sql id="Update_By_Example_Where_Clause">
    <!--
      WARNING - @mbggenerated
      This element is automatically generated by MyBatis Generator, do not modify.
    -->
    <where>
      <foreach collection="example.oredCriteria" item="criteria" separator="or">
        <if test="criteria.valid">
          <trim prefix="(" prefixOverrides="and" suffix=")">
            <foreach collection="criteria.criteria" item="criterion">
              <choose>
                <when test="criterion.noValue">
                  and ${criterion.condition}
                </when>
                <when test="criterion.singleValue">
                  and ${criterion.condition} #{criterion.value}
                </when>
                <when test="criterion.betweenValue">
                  and ${criterion.condition} #{criterion.value} and #{criterion.secondValue}
                </when>
                <when test="criterion.listValue">
                  and ${criterion.condition}
                  <foreach close=")" collection="criterion.value" item="listItem" open="(" separator=",">
                    #{listItem}
                  </foreach>
                </when>
              </choose>
            </foreach>
          </trim>
        </if>
      </foreach>
    </where>
  </sql>
  <sql id="Base_Column_List">
    <!--
      WARNING - @mbggenerated
      This element is automatically generated by MyBatis Generator, do not modify.
    -->
    id, material_Id, serial_Number, is_Sell, remark, delete_Flag, create_Time, creator, 
    update_Time, updater, depothead_Id, tenant_id
  </sql>
  <select id="selectByExample" parameterType="com.jsh.erp.datasource.entities.SerialNumberExample" resultMap="BaseResultMap">
    <!--
      WARNING - @mbggenerated
      This element is automatically generated by MyBatis Generator, do not modify.
    -->
    select
    <if test="distinct">
      distinct
    </if>
    <include refid="Base_Column_List" />
    from jsh_serial_number
    <if test="_parameter != null">
      <include refid="Example_Where_Clause" />
    </if>
    <if test="orderByClause != null">
      order by ${orderByClause}
    </if>
  </select>
  <select id="selectByPrimaryKey" parameterType="java.lang.Long" resultMap="BaseResultMap">
    <!--
      WARNING - @mbggenerated
      This element is automatically generated by MyBatis Generator, do not modify.
    -->
    select 
    <include refid="Base_Column_List" />
    from jsh_serial_number
    where id = #{id,jdbcType=BIGINT}
  </select>
  <delete id="deleteByPrimaryKey" parameterType="java.lang.Long">
    <!--
      WARNING - @mbggenerated
      This element is automatically generated by MyBatis Generator, do not modify.
    -->
    delete from jsh_serial_number
    where id = #{id,jdbcType=BIGINT}
  </delete>
  <delete id="deleteByExample" parameterType="com.jsh.erp.datasource.entities.SerialNumberExample">
    <!--
      WARNING - @mbggenerated
      This element is automatically generated by MyBatis Generator, do not modify.
    -->
    delete from jsh_serial_number
    <if test="_parameter != null">
      <include refid="Example_Where_Clause" />
    </if>
  </delete>
  <insert id="insert" parameterType="com.jsh.erp.datasource.entities.SerialNumber">
    <!--
      WARNING - @mbggenerated
      This element is automatically generated by MyBatis Generator, do not modify.
    -->
    insert into jsh_serial_number (id, material_Id, serial_Number, 
      is_Sell, remark, delete_Flag, 
      create_Time, creator, update_Time, 
      updater, depothead_Id, tenant_id
      )
    values (#{id,jdbcType=BIGINT}, #{materialId,jdbcType=BIGINT}, #{serialNumber,jdbcType=VARCHAR}, 
      #{isSell,jdbcType=VARCHAR}, #{remark,jdbcType=VARCHAR}, #{deleteFlag,jdbcType=VARCHAR}, 
      #{createTime,jdbcType=TIMESTAMP}, #{creator,jdbcType=BIGINT}, #{updateTime,jdbcType=TIMESTAMP}, 
      #{updater,jdbcType=BIGINT}, #{depotheadId,jdbcType=BIGINT}, #{tenantId,jdbcType=BIGINT}
      )
  </insert>
  <insert id="insertSelective" parameterType="com.jsh.erp.datasource.entities.SerialNumber">
    <!--
      WARNING - @mbggenerated
      This element is automatically generated by MyBatis Generator, do not modify.
    -->
    insert into jsh_serial_number
    <trim prefix="(" suffix=")" suffixOverrides=",">
      <if test="id != null">
        id,
      </if>
      <if test="materialId != null">
        material_Id,
      </if>
      <if test="serialNumber != null">
        serial_Number,
      </if>
      <if test="isSell != null">
        is_Sell,
      </if>
      <if test="remark != null">
        remark,
      </if>
      <if test="deleteFlag != null">
        delete_Flag,
      </if>
      <if test="createTime != null">
        create_Time,
      </if>
      <if test="creator != null">
        creator,
      </if>
      <if test="updateTime != null">
        update_Time,
      </if>
      <if test="updater != null">
        updater,
      </if>
      <if test="depotheadId != null">
        depothead_Id,
      </if>
      <if test="tenantId != null">
        tenant_id,
      </if>
    </trim>
    <trim prefix="values (" suffix=")" suffixOverrides=",">
      <if test="id != null">
        #{id,jdbcType=BIGINT},
      </if>
      <if test="materialId != null">
        #{materialId,jdbcType=BIGINT},
      </if>
      <if test="serialNumber != null">
        #{serialNumber,jdbcType=VARCHAR},
      </if>
      <if test="isSell != null">
        #{isSell,jdbcType=VARCHAR},
      </if>
      <if test="remark != null">
        #{remark,jdbcType=VARCHAR},
      </if>
      <if test="deleteFlag != null">
        #{deleteFlag,jdbcType=VARCHAR},
      </if>
      <if test="createTime != null">
        #{createTime,jdbcType=TIMESTAMP},
      </if>
      <if test="creator != null">
        #{creator,jdbcType=BIGINT},
      </if>
      <if test="updateTime != null">
        #{updateTime,jdbcType=TIMESTAMP},
      </if>
      <if test="updater != null">
        #{updater,jdbcType=BIGINT},
      </if>
      <if test="depotheadId != null">
        #{depotheadId,jdbcType=BIGINT},
      </if>
      <if test="tenantId != null">
        #{tenantId,jdbcType=BIGINT},
      </if>
    </trim>
  </insert>
  <select id="countByExample" parameterType="com.jsh.erp.datasource.entities.SerialNumberExample" resultType="java.lang.Integer">
    <!--
      WARNING - @mbggenerated
      This element is automatically generated by MyBatis Generator, do not modify.
    -->
    select count(*) from jsh_serial_number
    <if test="_parameter != null">
      <include refid="Example_Where_Clause" />
    </if>
  </select>
  <update id="updateByExampleSelective" parameterType="map">
    <!--
      WARNING - @mbggenerated
      This element is automatically generated by MyBatis Generator, do not modify.
    -->
    update jsh_serial_number
    <set>
      <if test="record.id != null">
        id = #{record.id,jdbcType=BIGINT},
      </if>
      <if test="record.materialId != null">
        material_Id = #{record.materialId,jdbcType=BIGINT},
      </if>
      <if test="record.serialNumber != null">
        serial_Number = #{record.serialNumber,jdbcType=VARCHAR},
      </if>
      <if test="record.isSell != null">
        is_Sell = #{record.isSell,jdbcType=VARCHAR},
      </if>
      <if test="record.remark != null">
        remark = #{record.remark,jdbcType=VARCHAR},
      </if>
      <if test="record.deleteFlag != null">
        delete_Flag = #{record.deleteFlag,jdbcType=VARCHAR},
      </if>
      <if test="record.createTime != null">
        create_Time = #{record.createTime,jdbcType=TIMESTAMP},
      </if>
      <if test="record.creator != null">
        creator = #{record.creator,jdbcType=BIGINT},
      </if>
      <if test="record.updateTime != null">
        update_Time = #{record.updateTime,jdbcType=TIMESTAMP},
      </if>
      <if test="record.updater != null">
        updater = #{record.updater,jdbcType=BIGINT},
      </if>
      <if test="record.depotheadId != null">
        depothead_Id = #{record.depotheadId,jdbcType=BIGINT},
      </if>
      <if test="record.tenantId != null">
        tenant_id = #{record.tenantId,jdbcType=BIGINT},
      </if>
    </set>
    <if test="_parameter != null">
      <include refid="Update_By_Example_Where_Clause" />
    </if>
  </update>
  <update id="updateByExample" parameterType="map">
    <!--
      WARNING - @mbggenerated
      This element is automatically generated by MyBatis Generator, do not modify.
    -->
    update jsh_serial_number
    set id = #{record.id,jdbcType=BIGINT},
      material_Id = #{record.materialId,jdbcType=BIGINT},
      serial_Number = #{record.serialNumber,jdbcType=VARCHAR},
      is_Sell = #{record.isSell,jdbcType=VARCHAR},
      remark = #{record.remark,jdbcType=VARCHAR},
      delete_Flag = #{record.deleteFlag,jdbcType=VARCHAR},
      create_Time = #{record.createTime,jdbcType=TIMESTAMP},
      creator = #{record.creator,jdbcType=BIGINT},
      update_Time = #{record.updateTime,jdbcType=TIMESTAMP},
      updater = #{record.updater,jdbcType=BIGINT},
      depothead_Id = #{record.depotheadId,jdbcType=BIGINT},
      tenant_id = #{record.tenantId,jdbcType=BIGINT}
    <if test="_parameter != null">
      <include refid="Update_By_Example_Where_Clause" />
    </if>
  </update>
  <update id="updateByPrimaryKeySelective" parameterType="com.jsh.erp.datasource.entities.SerialNumber">
    <!--
      WARNING - @mbggenerated
      This element is automatically generated by MyBatis Generator, do not modify.
    -->
    update jsh_serial_number
    <set>
      <if test="materialId != null">
        material_Id = #{materialId,jdbcType=BIGINT},
      </if>
      <if test="serialNumber != null">
        serial_Number = #{serialNumber,jdbcType=VARCHAR},
      </if>
      <if test="isSell != null">
        is_Sell = #{isSell,jdbcType=VARCHAR},
      </if>
      <if test="remark != null">
        remark = #{remark,jdbcType=VARCHAR},
      </if>
      <if test="deleteFlag != null">
        delete_Flag = #{deleteFlag,jdbcType=VARCHAR},
      </if>
      <if test="createTime != null">
        create_Time = #{createTime,jdbcType=TIMESTAMP},
      </if>
      <if test="creator != null">
        creator = #{creator,jdbcType=BIGINT},
      </if>
      <if test="updateTime != null">
        update_Time = #{updateTime,jdbcType=TIMESTAMP},
      </if>
      <if test="updater != null">
        updater = #{updater,jdbcType=BIGINT},
      </if>
      <if test="depotheadId != null">
        depothead_Id = #{depotheadId,jdbcType=BIGINT},
      </if>
      <if test="tenantId != null">
        tenant_id = #{tenantId,jdbcType=BIGINT},
      </if>
    </set>
    where id = #{id,jdbcType=BIGINT}
  </update>
  <update id="updateByPrimaryKey" parameterType="com.jsh.erp.datasource.entities.SerialNumber">
    <!--
      WARNING - @mbggenerated
      This element is automatically generated by MyBatis Generator, do not modify.
    -->
    update jsh_serial_number
    set material_Id = #{materialId,jdbcType=BIGINT},
      serial_Number = #{serialNumber,jdbcType=VARCHAR},
      is_Sell = #{isSell,jdbcType=VARCHAR},
      remark = #{remark,jdbcType=VARCHAR},
      delete_Flag = #{deleteFlag,jdbcType=VARCHAR},
      create_Time = #{createTime,jdbcType=TIMESTAMP},
      creator = #{creator,jdbcType=BIGINT},
      update_Time = #{updateTime,jdbcType=TIMESTAMP},
      updater = #{updater,jdbcType=BIGINT},
      depothead_Id = #{depotheadId,jdbcType=BIGINT},
      tenant_id = #{tenantId,jdbcType=BIGINT}
    where id = #{id,jdbcType=BIGINT}
  </update>
</mapper>