<?xml version="1.0" encoding="UTF-8"?>
<!DOCTYPE mapper PUBLIC "-//mybatis.org//DTD Mapper 3.0//EN" "http://mybatis.org/dtd/mybatis-3-mapper.dtd">
<mapper namespace="com.jsh.erp.datasource.mappers.SystemConfigMapper">
  <resultMap id="BaseResultMap" type="com.jsh.erp.datasource.entities.SystemConfig">
    <!--
      WARNING - @mbggenerated
      This element is automatically generated by MyBatis Generator, do not modify.
    -->
    <id column="id" jdbcType="BIGINT" property="id" />
    <result column="company_name" jdbcType="VARCHAR" property="companyName" />
    <result column="company_contacts" jdbcType="VARCHAR" property="companyContacts" />
    <result column="company_address" jdbcType="VARCHAR" property="companyAddress" />
    <result column="company_tel" jdbcType="VARCHAR" property="companyTel" />
    <result column="company_fax" jdbcType="VARCHAR" property="companyFax" />
    <result column="company_post_code" jdbcType="VARCHAR" property="companyPostCode" />
    <result column="depot_flag" jdbcType="VARCHAR" property="depotFlag" />
    <result column="customer_flag" jdbcType="VARCHAR" property="customerFlag" />
    <result column="tenant_id" jdbcType="BIGINT" property="tenantId" />
    <result column="delete_Flag" jdbcType="VARCHAR" property="deleteFlag" />
  </resultMap>
  <sql id="Example_Where_Clause">
    <!--
      WARNING - @mbggenerated
      This element is automatically generated by MyBatis Generator, do not modify.
    -->
    <where>
      <foreach collection="oredCriteria" item="criteria" separator="or">
        <if test="criteria.valid">
          <trim prefix="(" prefixOverrides="and" suffix=")">
            <foreach collection="criteria.criteria" item="criterion">
              <choose>
                <when test="criterion.noValue">
                  and ${criterion.condition}
                </when>
                <when test="criterion.singleValue">
                  and ${criterion.condition} #{criterion.value}
                </when>
                <when test="criterion.betweenValue">
                  and ${criterion.condition} #{criterion.value} and #{criterion.secondValue}
                </when>
                <when test="criterion.listValue">
                  and ${criterion.condition}
                  <foreach close=")" collection="criterion.value" item="listItem" open="(" separator=",">
                    #{listItem}
                  </foreach>
                </when>
              </choose>
            </foreach>
          </trim>
        </if>
      </foreach>
    </where>
  </sql>
  <sql id="Update_By_Example_Where_Clause">
    <!--
      WARNING - @mbggenerated
      This element is automatically generated by MyBatis Generator, do not modify.
    -->
    <where>
      <foreach collection="example.oredCriteria" item="criteria" separator="or">
        <if test="criteria.valid">
          <trim prefix="(" prefixOverrides="and" suffix=")">
            <foreach collection="criteria.criteria" item="criterion">
              <choose>
                <when test="criterion.noValue">
                  and ${criterion.condition}
                </when>
                <when test="criterion.singleValue">
                  and ${criterion.condition} #{criterion.value}
                </when>
                <when test="criterion.betweenValue">
                  and ${criterion.condition} #{criterion.value} and #{criterion.secondValue}
                </when>
                <when test="criterion.listValue">
                  and ${criterion.condition}
                  <foreach close=")" collection="criterion.value" item="listItem" open="(" separator=",">
                    #{listItem}
                  </foreach>
                </when>
              </choose>
            </foreach>
          </trim>
        </if>
      </foreach>
    </where>
  </sql>
  <sql id="Base_Column_List">
    <!--
      WARNING - @mbggenerated
      This element is automatically generated by MyBatis Generator, do not modify.
    -->
    id, company_name, company_contacts, company_address, company_tel, company_fax, company_post_code, 
    depot_flag, customer_flag, tenant_id, delete_Flag
  </sql>
  <select id="selectByExample" parameterType="com.jsh.erp.datasource.entities.SystemConfigExample" resultMap="BaseResultMap">
    <!--
      WARNING - @mbggenerated
      This element is automatically generated by MyBatis Generator, do not modify.
    -->
    select
    <if test="distinct">
      distinct
    </if>
    <include refid="Base_Column_List" />
    from jsh_systemconfig
    <if test="_parameter != null">
      <include refid="Example_Where_Clause" />
    </if>
    <if test="orderByClause != null">
      order by ${orderByClause}
    </if>
  </select>
  <select id="selectByPrimaryKey" parameterType="java.lang.Long" resultMap="BaseResultMap">
    <!--
      WARNING - @mbggenerated
      This element is automatically generated by MyBatis Generator, do not modify.
    -->
    select 
    <include refid="Base_Column_List" />
    from jsh_systemconfig
    where id = #{id,jdbcType=BIGINT}
  </select>
  <delete id="deleteByPrimaryKey" parameterType="java.lang.Long">
    <!--
      WARNING - @mbggenerated
      This element is automatically generated by MyBatis Generator, do not modify.
    -->
    delete from jsh_systemconfig
    where id = #{id,jdbcType=BIGINT}
  </delete>
  <delete id="deleteByExample" parameterType="com.jsh.erp.datasource.entities.SystemConfigExample">
    <!--
      WARNING - @mbggenerated
      This element is automatically generated by MyBatis Generator, do not modify.
    -->
    delete from jsh_systemconfig
    <if test="_parameter != null">
      <include refid="Example_Where_Clause" />
    </if>
  </delete>
  <insert id="insert" parameterType="com.jsh.erp.datasource.entities.SystemConfig">
    <!--
      WARNING - @mbggenerated
      This element is automatically generated by MyBatis Generator, do not modify.
    -->
    insert into jsh_systemconfig (id, company_name, company_contacts, 
      company_address, company_tel, company_fax, 
      company_post_code, depot_flag, customer_flag, 
      tenant_id, delete_Flag)
    values (#{id,jdbcType=BIGINT}, #{companyName,jdbcType=VARCHAR}, #{companyContacts,jdbcType=VARCHAR}, 
      #{companyAddress,jdbcType=VARCHAR}, #{companyTel,jdbcType=VARCHAR}, #{companyFax,jdbcType=VARCHAR}, 
      #{companyPostCode,jdbcType=VARCHAR}, #{depotFlag,jdbcType=VARCHAR}, #{customerFlag,jdbcType=VARCHAR}, 
      #{tenantId,jdbcType=BIGINT}, #{deleteFlag,jdbcType=VARCHAR})
  </insert>
  <insert id="insertSelective" parameterType="com.jsh.erp.datasource.entities.SystemConfig">
    <!--
      WARNING - @mbggenerated
      This element is automatically generated by MyBatis Generator, do not modify.
    -->
    insert into jsh_systemconfig
    <trim prefix="(" suffix=")" suffixOverrides=",">
      <if test="id != null">
        id,
      </if>
      <if test="companyName != null">
        company_name,
      </if>
      <if test="companyContacts != null">
        company_contacts,
      </if>
      <if test="companyAddress != null">
        company_address,
      </if>
      <if test="companyTel != null">
        company_tel,
      </if>
      <if test="companyFax != null">
        company_fax,
      </if>
      <if test="companyPostCode != null">
        company_post_code,
      </if>
      <if test="depotFlag != null">
        depot_flag,
      </if>
      <if test="customerFlag != null">
        customer_flag,
      </if>
      <if test="tenantId != null">
        tenant_id,
      </if>
      <if test="deleteFlag != null">
        delete_Flag,
      </if>
    </trim>
    <trim prefix="values (" suffix=")" suffixOverrides=",">
      <if test="id != null">
        #{id,jdbcType=BIGINT},
      </if>
      <if test="companyName != null">
        #{companyName,jdbcType=VARCHAR},
      </if>
      <if test="companyContacts != null">
        #{companyContacts,jdbcType=VARCHAR},
      </if>
      <if test="companyAddress != null">
        #{companyAddress,jdbcType=VARCHAR},
      </if>
      <if test="companyTel != null">
        #{companyTel,jdbcType=VARCHAR},
      </if>
      <if test="companyFax != null">
        #{companyFax,jdbcType=VARCHAR},
      </if>
      <if test="companyPostCode != null">
        #{companyPostCode,jdbcType=VARCHAR},
      </if>
      <if test="depotFlag != null">
        #{depotFlag,jdbcType=VARCHAR},
      </if>
      <if test="customerFlag != null">
        #{customerFlag,jdbcType=VARCHAR},
      </if>
      <if test="tenantId != null">
        #{tenantId,jdbcType=BIGINT},
      </if>
      <if test="deleteFlag != null">
        #{deleteFlag,jdbcType=VARCHAR},
      </if>
    </trim>
  </insert>
  <select id="countByExample" parameterType="com.jsh.erp.datasource.entities.SystemConfigExample" resultType="java.lang.Integer">
    <!--
      WARNING - @mbggenerated
      This element is automatically generated by MyBatis Generator, do not modify.
    -->
    select count(*) from jsh_systemconfig
    <if test="_parameter != null">
      <include refid="Example_Where_Clause" />
    </if>
  </select>
  <update id="updateByExampleSelective" parameterType="map">
    <!--
      WARNING - @mbggenerated
      This element is automatically generated by MyBatis Generator, do not modify.
    -->
    update jsh_systemconfig
    <set>
      <if test="record.id != null">
        id = #{record.id,jdbcType=BIGINT},
      </if>
      <if test="record.companyName != null">
        company_name = #{record.companyName,jdbcType=VARCHAR},
      </if>
      <if test="record.companyContacts != null">
        company_contacts = #{record.companyContacts,jdbcType=VARCHAR},
      </if>
      <if test="record.companyAddress != null">
        company_address = #{record.companyAddress,jdbcType=VARCHAR},
      </if>
      <if test="record.companyTel != null">
        company_tel = #{record.companyTel,jdbcType=VARCHAR},
      </if>
      <if test="record.companyFax != null">
        company_fax = #{record.companyFax,jdbcType=VARCHAR},
      </if>
      <if test="record.companyPostCode != null">
        company_post_code = #{record.companyPostCode,jdbcType=VARCHAR},
      </if>
      <if test="record.depotFlag != null">
        depot_flag = #{record.depotFlag,jdbcType=VARCHAR},
      </if>
      <if test="record.customerFlag != null">
        customer_flag = #{record.customerFlag,jdbcType=VARCHAR},
      </if>
      <if test="record.tenantId != null">
        tenant_id = #{record.tenantId,jdbcType=BIGINT},
      </if>
      <if test="record.deleteFlag != null">
        delete_Flag = #{record.deleteFlag,jdbcType=VARCHAR},
      </if>
    </set>
    <if test="_parameter != null">
      <include refid="Update_By_Example_Where_Clause" />
    </if>
  </update>
  <update id="updateByExample" parameterType="map">
    <!--
      WARNING - @mbggenerated
      This element is automatically generated by MyBatis Generator, do not modify.
    -->
    update jsh_systemconfig
    set id = #{record.id,jdbcType=BIGINT},
      company_name = #{record.companyName,jdbcType=VARCHAR},
      company_contacts = #{record.companyContacts,jdbcType=VARCHAR},
      company_address = #{record.companyAddress,jdbcType=VARCHAR},
      company_tel = #{record.companyTel,jdbcType=VARCHAR},
      company_fax = #{record.companyFax,jdbcType=VARCHAR},
      company_post_code = #{record.companyPostCode,jdbcType=VARCHAR},
      depot_flag = #{record.depotFlag,jdbcType=VARCHAR},
      customer_flag = #{record.customerFlag,jdbcType=VARCHAR},
      tenant_id = #{record.tenantId,jdbcType=BIGINT},
      delete_Flag = #{record.deleteFlag,jdbcType=VARCHAR}
    <if test="_parameter != null">
      <include refid="Update_By_Example_Where_Clause" />
    </if>
  </update>
  <update id="updateByPrimaryKeySelective" parameterType="com.jsh.erp.datasource.entities.SystemConfig">
    <!--
      WARNING - @mbggenerated
      This element is automatically generated by MyBatis Generator, do not modify.
    -->
    update jsh_systemconfig
    <set>
      <if test="companyName != null">
        company_name = #{companyName,jdbcType=VARCHAR},
      </if>
      <if test="companyContacts != null">
        company_contacts = #{companyContacts,jdbcType=VARCHAR},
      </if>
      <if test="companyAddress != null">
        company_address = #{companyAddress,jdbcType=VARCHAR},
      </if>
      <if test="companyTel != null">
        company_tel = #{companyTel,jdbcType=VARCHAR},
      </if>
      <if test="companyFax != null">
        company_fax = #{companyFax,jdbcType=VARCHAR},
      </if>
      <if test="companyPostCode != null">
        company_post_code = #{companyPostCode,jdbcType=VARCHAR},
      </if>
      <if test="depotFlag != null">
        depot_flag = #{depotFlag,jdbcType=VARCHAR},
      </if>
      <if test="customerFlag != null">
        customer_flag = #{customerFlag,jdbcType=VARCHAR},
      </if>
      <if test="tenantId != null">
        tenant_id = #{tenantId,jdbcType=BIGINT},
      </if>
      <if test="deleteFlag != null">
        delete_Flag = #{deleteFlag,jdbcType=VARCHAR},
      </if>
    </set>
    where id = #{id,jdbcType=BIGINT}
  </update>
  <update id="updateByPrimaryKey" parameterType="com.jsh.erp.datasource.entities.SystemConfig">
    <!--
      WARNING - @mbggenerated
      This element is automatically generated by MyBatis Generator, do not modify.
    -->
    update jsh_systemconfig
    set company_name = #{companyName,jdbcType=VARCHAR},
      company_contacts = #{companyContacts,jdbcType=VARCHAR},
      company_address = #{companyAddress,jdbcType=VARCHAR},
      company_tel = #{companyTel,jdbcType=VARCHAR},
      company_fax = #{companyFax,jdbcType=VARCHAR},
      company_post_code = #{companyPostCode,jdbcType=VARCHAR},
      depot_flag = #{depotFlag,jdbcType=VARCHAR},
      customer_flag = #{customerFlag,jdbcType=VARCHAR},
      tenant_id = #{tenantId,jdbcType=BIGINT},
      delete_Flag = #{deleteFlag,jdbcType=VARCHAR}
    where id = #{id,jdbcType=BIGINT}
  </update>
</mapper>