<?xml version="1.0" encoding="UTF-8"?>
<!DOCTYPE mapper PUBLIC "-//mybatis.org//DTD Mapper 3.0//EN" "http://mybatis.org/dtd/mybatis-3-mapper.dtd">
<mapper namespace="com.jsh.erp.datasource.mappers.SystemConfigMapperEx">
    <select id="selectByConditionSystemConfig" parameterType="com.jsh.erp.datasource.entities.SystemConfigExample" resultMap="com.jsh.erp.datasource.mappers.SystemConfigMapper.BaseResultMap">
        select *
        FROM jsh_systemconfig
        where 1=1
        <if test="companyName != null">
            and company_name like '%${companyName}%'
        </if>
        and ifnull(delete_Flag,'0') !='1'
        <if test="offset != null and rows != null">
            limit #{offset},#{rows}
        </if>
    </select>
    <select id="countsBySystemConfig" resultType="java.lang.Long">
        SELECT
        COUNT(id)
        FROM jsh_systemconfig
        WHERE 1=1
        <if test="companyName != null">
            and company_name like '%${companyName}%'
        </if>
        and ifnull(delete_Flag,'0') !='1'
    </select>
    <update id="batchDeleteSystemConfigByIds">
        update jsh_systemconfig
        set delete_Flag='1'
        where 1=1
        and id in (
        <foreach collection="ids" item="id" separator=",">
            #{id}
        </foreach>
        )
    </update>
</mapper>