<?xml version="1.0" encoding="UTF-8"?>
<!DOCTYPE mapper PUBLIC "-//mybatis.org//DTD Mapper 3.0//EN" "http://mybatis.org/dtd/mybatis-3-mapper.dtd">
<mapper namespace="com.jsh.erp.datasource.mappers.TenantMapperEx">
    <select id="selectByConditionTenant" parameterType="com.jsh.erp.datasource.entities.TenantExample" resultMap="com.jsh.erp.datasource.mappers.TenantMapper.BaseResultMap">
        select *
        FROM jsh_tenant
        where 1=1
        <if test="loginName != null">
            and loginame like '%${loginName}%'
        </if>
        <if test="offset != null and rows != null">
            limit #{offset},#{rows}
        </if>
    </select>
    <select id="countsByTenant" resultType="java.lang.Long">
        SELECT
        COUNT(id)
        FROM jsh_tenant
        WHERE 1=1
        <if test="loginName != null">
            and loginame like '%${loginName}%'
        </if>
    </select>
</mapper>