<?xml version="1.0" encoding="UTF-8"?>
<!DOCTYPE mapper PUBLIC "-//mybatis.org//DTD Mapper 3.0//EN" "http://mybatis.org/dtd/mybatis-3-mapper.dtd">
<mapper namespace="com.jsh.erp.datasource.mappers.UnitMapperEx">
    <select id="selectByConditionUnit" parameterType="com.jsh.erp.datasource.entities.UnitExample" resultMap="com.jsh.erp.datasource.mappers.UnitMapper.BaseResultMap">
        select *
        FROM jsh_unit
        where 1=1
        <if test="name != null">
            and UName like '%${name}%'
        </if>
        and ifnull(delete_Flag,'0') !='1'
        <if test="offset != null and rows != null">
            limit #{offset},#{rows}
        </if>
    </select>
    <select id="countsByUnit" resultType="java.lang.Long">
        SELECT
        COUNT(id)
        FROM jsh_unit
        WHERE 1=1
        <if test="name != null">
            and UName like '%${name}%'
        </if>
        and ifnull(delete_Flag,'0') !='1'
    </select>
    <update id="batchDeleteUnitByIds">
        update jsh_unit
        set delete_Flag='1'
        where 1=1
        and id in (
        <foreach collection="ids" item="id" separator=",">
            #{id}
        </foreach>
        )
    </update>
</mapper>