<?xml version="1.0" encoding="UTF-8"?>
<!DOCTYPE mapper PUBLIC "-//mybatis.org//DTD Mapper 3.0//EN" "http://mybatis.org/dtd/mybatis-3-mapper.dtd">
<mapper namespace="com.jsh.erp.datasource.mappers.UserBusinessMapper">
  <resultMap id="BaseResultMap" type="com.jsh.erp.datasource.entities.UserBusiness">
    <!--
      WARNING - @mbggenerated
      This element is automatically generated by MyBatis Generator, do not modify.
    -->
    <id column="Id" jdbcType="BIGINT" property="id" />
    <result column="Type" jdbcType="VARCHAR" property="type" />
    <result column="KeyId" jdbcType="VARCHAR" property="keyid" />
    <result column="Value" jdbcType="VARCHAR" property="value" />
    <result column="BtnStr" jdbcType="VARCHAR" property="btnstr" />
    <result column="delete_Flag" jdbcType="VARCHAR" property="deleteFlag" />
  </resultMap>
  <sql id="Example_Where_Clause">
    <!--
      WARNING - @mbggenerated
      This element is automatically generated by MyBatis Generator, do not modify.
    -->
    <where>
      <foreach collection="oredCriteria" item="criteria" separator="or">
        <if test="criteria.valid">
          <trim prefix="(" prefixOverrides="and" suffix=")">
            <foreach collection="criteria.criteria" item="criterion">
              <choose>
                <when test="criterion.noValue">
                  and ${criterion.condition}
                </when>
                <when test="criterion.singleValue">
                  and ${criterion.condition} #{criterion.value}
                </when>
                <when test="criterion.betweenValue">
                  and ${criterion.condition} #{criterion.value} and #{criterion.secondValue}
                </when>
                <when test="criterion.listValue">
                  and ${criterion.condition}
                  <foreach close=")" collection="criterion.value" item="listItem" open="(" separator=",">
                    #{listItem}
                  </foreach>
                </when>
              </choose>
            </foreach>
          </trim>
        </if>
      </foreach>
    </where>
  </sql>
  <sql id="Update_By_Example_Where_Clause">
    <!--
      WARNING - @mbggenerated
      This element is automatically generated by MyBatis Generator, do not modify.
    -->
    <where>
      <foreach collection="example.oredCriteria" item="criteria" separator="or">
        <if test="criteria.valid">
          <trim prefix="(" prefixOverrides="and" suffix=")">
            <foreach collection="criteria.criteria" item="criterion">
              <choose>
                <when test="criterion.noValue">
                  and ${criterion.condition}
                </when>
                <when test="criterion.singleValue">
                  and ${criterion.condition} #{criterion.value}
                </when>
                <when test="criterion.betweenValue">
                  and ${criterion.condition} #{criterion.value} and #{criterion.secondValue}
                </when>
                <when test="criterion.listValue">
                  and ${criterion.condition}
                  <foreach close=")" collection="criterion.value" item="listItem" open="(" separator=",">
                    #{listItem}
                  </foreach>
                </when>
              </choose>
            </foreach>
          </trim>
        </if>
      </foreach>
    </where>
  </sql>
  <sql id="Base_Column_List">
    <!--
      WARNING - @mbggenerated
      This element is automatically generated by MyBatis Generator, do not modify.
    -->
    Id, Type, KeyId, Value, BtnStr, delete_Flag
  </sql>
  <select id="selectByExample" parameterType="com.jsh.erp.datasource.entities.UserBusinessExample" resultMap="BaseResultMap">
    <!--
      WARNING - @mbggenerated
      This element is automatically generated by MyBatis Generator, do not modify.
    -->
    select
    <if test="distinct">
      distinct
    </if>
    <include refid="Base_Column_List" />
    from jsh_userbusiness
    <if test="_parameter != null">
      <include refid="Example_Where_Clause" />
    </if>
    <if test="orderByClause != null">
      order by ${orderByClause}
    </if>
  </select>
  <select id="selectByPrimaryKey" parameterType="java.lang.Long" resultMap="BaseResultMap">
    <!--
      WARNING - @mbggenerated
      This element is automatically generated by MyBatis Generator, do not modify.
    -->
    select 
    <include refid="Base_Column_List" />
    from jsh_userbusiness
    where Id = #{id,jdbcType=BIGINT}
  </select>
  <delete id="deleteByPrimaryKey" parameterType="java.lang.Long">
    <!--
      WARNING - @mbggenerated
      This element is automatically generated by MyBatis Generator, do not modify.
    -->
    delete from jsh_userbusiness
    where Id = #{id,jdbcType=BIGINT}
  </delete>
  <delete id="deleteByExample" parameterType="com.jsh.erp.datasource.entities.UserBusinessExample">
    <!--
      WARNING - @mbggenerated
      This element is automatically generated by MyBatis Generator, do not modify.
    -->
    delete from jsh_userbusiness
    <if test="_parameter != null">
      <include refid="Example_Where_Clause" />
    </if>
  </delete>
  <insert id="insert" parameterType="com.jsh.erp.datasource.entities.UserBusiness">
    <!--
      WARNING - @mbggenerated
      This element is automatically generated by MyBatis Generator, do not modify.
    -->
    insert into jsh_userbusiness (Id, Type, KeyId, 
      Value, BtnStr, delete_Flag
      )
    values (#{id,jdbcType=BIGINT}, #{type,jdbcType=VARCHAR}, #{keyid,jdbcType=VARCHAR}, 
      #{value,jdbcType=VARCHAR}, #{btnstr,jdbcType=VARCHAR}, #{deleteFlag,jdbcType=VARCHAR}
      )
  </insert>
  <insert id="insertSelective" parameterType="com.jsh.erp.datasource.entities.UserBusiness">
    <!--
      WARNING - @mbggenerated
      This element is automatically generated by MyBatis Generator, do not modify.
    -->
    insert into jsh_userbusiness
    <trim prefix="(" suffix=")" suffixOverrides=",">
      <if test="id != null">
        Id,
      </if>
      <if test="type != null">
        Type,
      </if>
      <if test="keyid != null">
        KeyId,
      </if>
      <if test="value != null">
        Value,
      </if>
      <if test="btnstr != null">
        BtnStr,
      </if>
      <if test="deleteFlag != null">
        delete_Flag,
      </if>
    </trim>
    <trim prefix="values (" suffix=")" suffixOverrides=",">
      <if test="id != null">
        #{id,jdbcType=BIGINT},
      </if>
      <if test="type != null">
        #{type,jdbcType=VARCHAR},
      </if>
      <if test="keyid != null">
        #{keyid,jdbcType=VARCHAR},
      </if>
      <if test="value != null">
        #{value,jdbcType=VARCHAR},
      </if>
      <if test="btnstr != null">
        #{btnstr,jdbcType=VARCHAR},
      </if>
      <if test="deleteFlag != null">
        #{deleteFlag,jdbcType=VARCHAR},
      </if>
    </trim>
  </insert>
  <select id="countByExample" parameterType="com.jsh.erp.datasource.entities.UserBusinessExample" resultType="java.lang.Integer">
    <!--
      WARNING - @mbggenerated
      This element is automatically generated by MyBatis Generator, do not modify.
    -->
    select count(*) from jsh_userbusiness
    <if test="_parameter != null">
      <include refid="Example_Where_Clause" />
    </if>
  </select>
  <update id="updateByExampleSelective" parameterType="map">
    <!--
      WARNING - @mbggenerated
      This element is automatically generated by MyBatis Generator, do not modify.
    -->
    update jsh_userbusiness
    <set>
      <if test="record.id != null">
        Id = #{record.id,jdbcType=BIGINT},
      </if>
      <if test="record.type != null">
        Type = #{record.type,jdbcType=VARCHAR},
      </if>
      <if test="record.keyid != null">
        KeyId = #{record.keyid,jdbcType=VARCHAR},
      </if>
      <if test="record.value != null">
        Value = #{record.value,jdbcType=VARCHAR},
      </if>
      <if test="record.btnstr != null">
        BtnStr = #{record.btnstr,jdbcType=VARCHAR},
      </if>
      <if test="record.deleteFlag != null">
        delete_Flag = #{record.deleteFlag,jdbcType=VARCHAR},
      </if>
    </set>
    <if test="_parameter != null">
      <include refid="Update_By_Example_Where_Clause" />
    </if>
  </update>
  <update id="updateByExample" parameterType="map">
    <!--
      WARNING - @mbggenerated
      This element is automatically generated by MyBatis Generator, do not modify.
    -->
    update jsh_userbusiness
    set Id = #{record.id,jdbcType=BIGINT},
      Type = #{record.type,jdbcType=VARCHAR},
      KeyId = #{record.keyid,jdbcType=VARCHAR},
      Value = #{record.value,jdbcType=VARCHAR},
      BtnStr = #{record.btnstr,jdbcType=VARCHAR},
      delete_Flag = #{record.deleteFlag,jdbcType=VARCHAR}
    <if test="_parameter != null">
      <include refid="Update_By_Example_Where_Clause" />
    </if>
  </update>
  <update id="updateByPrimaryKeySelective" parameterType="com.jsh.erp.datasource.entities.UserBusiness">
    <!--
      WARNING - @mbggenerated
      This element is automatically generated by MyBatis Generator, do not modify.
    -->
    update jsh_userbusiness
    <set>
      <if test="type != null">
        Type = #{type,jdbcType=VARCHAR},
      </if>
      <if test="keyid != null">
        KeyId = #{keyid,jdbcType=VARCHAR},
      </if>
      <if test="value != null">
        Value = #{value,jdbcType=VARCHAR},
      </if>
      <if test="btnstr != null">
        BtnStr = #{btnstr,jdbcType=VARCHAR},
      </if>
      <if test="deleteFlag != null">
        delete_Flag = #{deleteFlag,jdbcType=VARCHAR},
      </if>
    </set>
    where Id = #{id,jdbcType=BIGINT}
  </update>
  <update id="updateByPrimaryKey" parameterType="com.jsh.erp.datasource.entities.UserBusiness">
    <!--
      WARNING - @mbggenerated
      This element is automatically generated by MyBatis Generator, do not modify.
    -->
    update jsh_userbusiness
    set Type = #{type,jdbcType=VARCHAR},
      KeyId = #{keyid,jdbcType=VARCHAR},
      Value = #{value,jdbcType=VARCHAR},
      BtnStr = #{btnstr,jdbcType=VARCHAR},
      delete_Flag = #{deleteFlag,jdbcType=VARCHAR}
    where Id = #{id,jdbcType=BIGINT}
  </update>
</mapper>